"INST_COLL_SUBCOLL","REGISTRATIONNUMBER","TRANSFERREASON","ICOONURL","URL","FULLSCIENTIFICNAME","GENUS","EPITHET"
"Amphibia and Reptilia","RMNH.RENA.2248","IkWilJe","","","Alytes obstetricans (Laurenti, 1768)","Alytes","obstetricans"
"Amphibia and Reptilia","RMNH.RENA.27869","","","","Crocodylus cataphractus Cuvier, 1825","Crocodylus","cataphractus"
"Amphibia and Reptilia","RMNH.RENA.27870","","","","Crocodylus cataphractus Cuvier, 1825","Crocodylus","cataphractus"
"Amphibia and Reptilia","RMNH.RENA.38913","","","","Boa constrictor Linnaeus, 1758","Boa","constrictor"
"Amphibia and Reptilia","RMNH.RENA.41367","","","","Bufo marinus (Linnaeus, 1758)","Bufo","marinus"
"Amphibia and Reptilia","RMNH.RENA.41368","","","","Bufo marinus (Linnaeus, 1758)","Bufo","marinus"
"Amphibia and Reptilia","RMNH.RENA.41369","","","","Bufo marinus (Linnaeus, 1758)","Bufo","marinus"
"Amphibia and Reptilia","RMNH.RENA.41370","","","","Bufo marinus (Linnaeus, 1758)","Bufo","marinus"
"Amphibia and Reptilia","RMNH.RENA.41371","","","","Bufo marinus (Linnaeus, 1758)","Bufo","marinus"
"Amphibia and Reptilia","RMNH.RENA.41372","","","","Bufo marinus (Linnaeus, 1758)","Bufo","marinus"
"Amphibia and Reptilia","RMNH.RENA.41373","","","","Bufo marinus (Linnaeus, 1758)","Bufo","marinus"
"Amphibia and Reptilia","RMNH.RENA.47840","","","","Gymnophiona Müller, 1832","",""
"Amphibia and Reptilia","RMNH.RENA.48710","IkWilJe","","","","Anura sp. ",""
"Amphibia and Reptilia","RMNH.RENA.48711","IkWilJe","","","","",""
"Amphibia and Reptilia","RMNH.RENA.48712","IkWilJe","","","","Anura sp.",""
"Amphibia and Reptilia","RMNH.RENA.48781","Gereserveerd voor Ik Wil Je","","","Gekko gecko Linnaeus, 1758","Gekk","gecko"
"Aves","RMNH.AVES.257938","","","","","Ciconia","ciconia"
"Aves","RMNH.AVES.257939","reserved for IkWilJe","","","","Fulica","atra"
"Cainozoic Mollusca","RGM.1352141","reserved for IJstijd","","","","Tridonta","borealis"
"Cainozoic Mollusca","RGM.1352143","reserved for LiveScience","","","","Typhis","pungens"
"Cainozoic Mollusca","RGM.1352144","reserved for LiveScience","","","","Clausinella","scalaris"
"Cainozoic Mollusca","RGM.1352145","reserved for LiveScience","","","","Panopea","menardii"
"Cainozoic Mollusca","RGM.1352146","reserved for LiveScience","","","","Angulus","benedeni"
"Cainozoic Mollusca","RGM.1352146","reserved for LiveScience","","","","Peronaea","benedeni"
"Cainozoic Mollusca","RGM.1352147","reserved for LiveScience","","","","Scapharca","diluvii"
"Cainozoic Mollusca","RGM.1352148","reserved for LiveScience","","","","Mitra","grateloupi"
"Cainozoic Mollusca","RGM.1352149","reserved for LiveScience","","","","Ficus","condita"
"Cainozoic Mollusca","RGM.1352150","reserved for LiveScience","","","","Murex","inornatus"
"Cainozoic Mollusca","RGM.1352150","reserved for LiveScience","","","","Bolinus","beyrichi"
"Cainozoic Mollusca","RGM.1352163","reserved for LiveScience","","","","",""
"Cainozoic Mollusca","RGM.1352164","reserved for LiveScience","","","","",""
"Cainozoic Mollusca","RGM.1352165","reserved for LiveScience","","","","",""
"Cainozoic Mollusca","RGM.1352166","reserved for LiveScience","","","","",""
"Cainozoic Mollusca","RGM.1352167","reserved for LiveScience","","","","",""
"Cainozoic Mollusca","RGM.1352168","reserved for LiveScience","","","","",""
"Cainozoic Mollusca","RGM.184731","reserved for LiveScience","","","","Architectonica","carocollata"
"Cainozoic Mollusca","RGM.225129","reserved for LiveScience","","","","Cancellaria","contorta"
"Cainozoic Mollusca","RGM.225129","reserved for LiveScience","","","","Contortia","contorta"
"Cainozoic Mollusca","RGM.225158","reserved for LiveScience","","","","Trigonostoma","apertum"
"Cainozoic Mollusca","RGM.225173","reserved for LiveScience","","","","Trigonostoma","geslini"
"Cainozoic Mollusca","RGM.225173","reserved for LiveScience","","","","Ventrilia","geslini"
"Cainozoic Mollusca","RGM.225871","reserved for LiveScience","","","Serpulorbis arenarius (Linnaeus, 1758)","Serpulorbis","arenarius"
"Cainozoic Mollusca","RGM.225871","reserved for LiveScience","","","","Thylacodes","arenarius"
"Cainozoic Mollusca","RGM.225902","reserved for LiveScience","","","","Cirsotrema","crassicostatum"
"Cainozoic Mollusca","RGM.225902","reserved for LiveScience","","","Cirsotrema (Cirsotrema) crassicostatum (Deshayes, 1839)","",""
"Cainozoic Mollusca","RGM.226046","reserved for LiveScience","","","Cochlespira corneti (Von Koenen, 1872)","Cochlespira","corneti"
"Cainozoic Mollusca","RGM.226139","reserved for LiveScience","","","Conus antediluvianus sensu lato Bruguière, 1792","Conus","antediluvianus"
"Cainozoic Mollusca","RGM.226139","reserved for LiveScience","","","","Conus","antidiluvianus"
"Cainozoic Mollusca","RGM.393667","reserved for LiveScience","","","","Pelecyora","incrassata"
"Cainozoic Mollusca","RGM.393667","reserved for LiveScience","","","","Cordiopsis","polytropa"
"Cainozoic Mollusca","RGM.393669","reserved for LiveScience","","","","Chicoreus","aquitanicus"
"Chelicerata and Myriapoda","RMNH.ARA.18227","reserved for IkWilJe","","","Amaurobius similis (Blackwall, 1861)","Amaurobius","similis"
"Chelicerata and Myriapoda","RMNH.ARA.2305","reserved for IkWilJe","","","Latrodectus mactans (Fabricius, 1775)","Latrodectus","mactans"
"Echinodermata","RMNH.ECH.125","","","","Echinus acutus Lamarck","Echinus","acutus"
"Echinodermata","RMNH.ECH.125","","","","Gracilechinus acutus (Lamarck, 1816)","Gracilechinus","acutus"
"Echinodermata","RMNH.ECH.128","","","","Echinus acutus Lamarck","Echinus","acutus"
"Echinodermata","RMNH.ECH.128","","","","Gracilechinus acutus (Lamarck, 1816)","Gracilechinus","acutus"
"Echinodermata","RMNH.ECH.4676","","","","Echinus acutus Lamarck","Echinus","acutus"
"Echinodermata","RMNH.ECH.4676","","","","Gracilechinus acutus (Lamarck, 1816)","Gracilechinus","acutus"
"Echinodermata","ZMA.ECH.E.4954","","","","Echinometra lucunter Linnaeus","Echinometra","lucunter"
"Echinodermata","ZMA.ECH.E.4954","","","","Echinometra lucunter ()","Echinometra","lucunter"
"Echinodermata","ZMA.ECH.E.7926","","","","Echinus acutus Lamarck","Echinus","acutus"
"Echinodermata","ZMA.ECH.E.7926","","","","Echinus acutus Lamarck, 1816","Echinus","acutus"
"Lepidoptera","BE.2312339","","","","","",""
"Lepidoptera","ZMA.INS.964438","","","","Malacosoma castrensis (Linneaus, 1758)","Malacosoma","castrensis"
"Macro Vertebrates","RGM.102600","","","","Coelodonta antiquitatis Blumenbach, 1799","Coelodonta","antiquitatis"
"Macro Vertebrates","RGM.102633","","","","Megaceros giganteus Blumenbach, 1799","Megaceros","giganteus"
"Macro Vertebrates","RGM.102642","","","","Coelodonta antiquitatis Blumenbach, 1799","Coelodonta","antiquitatis"
"Macro Vertebrates","RGM.102960","","","","Megaceros giganteus Blumenbach, 1799","Megaceros","giganteus"
"Macro Vertebrates","RGM.103011","","","","Crocuta crocuta spelaea (Goldfuss, 1823)","Crocuta","crocuta"
"Macro Vertebrates","RGM.103068","","","","Equus hemionus Pallas, 1775","Equus","hemionus"
"Macro Vertebrates","RGM.103142","Loan to Nat. Hist. Mus. Rotterdam d.d. 27-3-2008","","","Panthera gombaszoegensis (Kretzoi, 1938)","Panthera","gombaszoegensis"
"Macro Vertebrates","RGM.103196","","","","Mammuthus primigenius Blumenbach, 1799","Mammuthus","primigenius"
"Macro Vertebrates","RGM.103211","","","","Bison priscus Bojanus, 1825","Bison","priscus"
"Macro Vertebrates","RGM.103244","","","","Felis catus L.","Felis","catus"
"Macro Vertebrates","RGM.103348","","","","Rangifer tarandus L.","Rangifer","tarandus"
"Macro Vertebrates","RGM.103350","","","","Homotherium sp.","Homotherium","sp."
"Macro Vertebrates","RGM.103350","","http://medialib.naturalis.nl/file/id/RGM.103350/format/small","http://medialib.naturalis.nl/file/id/RGM.103350/format/large","Homotherium sp.","Homotherium","sp."
"Macro Vertebrates","RGM.103351","","","","Crocuta crocuta spelaea (Goldfuss, 1823)","Crocuta","crocuta"
"Macro Vertebrates","RGM.103506","","","","Mammuthus primigenius Blumenbach, 1799","Mammuthus","primigenius"
"Macro Vertebrates","RGM.103516","","","","Megaceros giganteus Blumenbach, 1799","Megaceros","giganteus"
"Macro Vertebrates","RGM.103742","","","","Megaceros giganteus Blumenbach, 1799","Megaceros","giganteus"
"Macro Vertebrates","RGM.103743","","","","Megaceros giganteus Blumenbach, 1799","Megaceros","giganteus"
"Macro Vertebrates","RGM.103804","","","","Castor fiber L.","Castor","fiber"
"Macro Vertebrates","RGM.103846","","","","Equus hydruntinis","Equus","hydruntinis"
"Macro Vertebrates","RGM.103860","","","","Megaceros giganteus Blumenbach, 1799","Megaceros","giganteus"
"Macro Vertebrates","RGM.103866","","http://medialib.naturalis.nl/file/id/RGM.103866_2/format/small","http://medialib.naturalis.nl/file/id/RGM.103866_2/format/large","Bison priscus Bojanus, 1825","Bison","priscus"
"Macro Vertebrates","RGM.103866","","http://medialib.naturalis.nl/file/id/RGM.103866_1/format/small","http://medialib.naturalis.nl/file/id/RGM.103866_1/format/large","Bison priscus Bojanus, 1825","Bison","priscus"
"Macro Vertebrates","RGM.103970","","","","Megaceros giganteus Blumenbach, 1799","Megaceros","giganteus"
"Macro Vertebrates","RGM.104049","","","","Megaceros giganteus Blumenbach, 1799","Megaceros","giganteus"
"Macro Vertebrates","RGM.104129","","","","Equus hydruntinis","Equus","hydruntinis"
"Macro Vertebrates","RGM.104308","","","","Megaceros giganteus Blumenbach, 1799","Megaceros","giganteus"
"Macro Vertebrates","RGM.104345","","","","Megaceros giganteus Blumenbach, 1799","Megaceros","giganteus"
"Macro Vertebrates","RGM.104363","","","","Megaceros giganteus Blumenbach, 1799","Megaceros","giganteus"
"Macro Vertebrates","RGM.104395","","","","Megaceros giganteus Blumenbach, 1799","Megaceros","giganteus"
"Macro Vertebrates","RGM.104410","","","","Megaceros giganteus Blumenbach, 1799","Megaceros","giganteus"
"Macro Vertebrates","RGM.104429","","","","Megaceros giganteus Blumenbach, 1799","Megaceros","giganteus"
"Macro Vertebrates","RGM.104460","","","","Megaceros giganteus Blumenbach, 1799","Megaceros","giganteus"
"Macro Vertebrates","RGM.104483","","","","Megaceros giganteus Blumenbach, 1799","Megaceros","giganteus"
"Macro Vertebrates","RGM.104488","","","","Megaceros giganteus Blumenbach, 1799","Megaceros","giganteus"
"Macro Vertebrates","RGM.104555","gereserveerd voor Geomax 2009","","","Bison priscus Bojanus, 1825","Bison","priscus"
"Macro Vertebrates","RGM.104593","","","","Megaceros giganteus Blumenbach, 1799","Megaceros","giganteus"
"Macro Vertebrates","RGM.104698","","","","Mammuthus primigenius Blumenbach, 1799","Mammuthus","primigenius"
"Macro Vertebrates","RGM.104724","","","","Mammuthus primigenius Blumenbach, 1799","Mammuthus","primigenius"
"Macro Vertebrates","RGM.104765","","","","Coelodonta antiquitatis Blumenbach, 1799","Coelodonta","antiquitatis"
"Macro Vertebrates","RGM.104953","","","","Megaceros giganteus Blumenbach, 1799","Megaceros","giganteus"
"Macro Vertebrates","RGM.11595","","","","Megaceros giganteus Blumenbach, 1799","Megaceros","giganteus"
"Macro Vertebrates","RGM.117613","","","","Castor fiber L.","Castor","fiber"
"Macro Vertebrates","RGM.117640","","","","Putorius putorius L.","Putorius","putorius"
"Macro Vertebrates","RGM.117740","","","","Canis lupus (L.)","Canis","lupus"
"Macro Vertebrates","RGM.117795","","","","Coelodonta antiquitatis Blumenbach, 1799","Coelodonta","antiquitatis"
"Macro Vertebrates","RGM.117796","","","","Coelodonta antiquitatis Blumenbach, 1799","Coelodonta","antiquitatis"
"Macro Vertebrates","RGM.117797","","","","Coelodonta antiquitatis Blumenbach, 1799","Coelodonta","antiquitatis"
"Macro Vertebrates","RGM.117845","","","","Megaceros giganteus Blumenbach, 1799","Megaceros","giganteus"
"Macro Vertebrates","RGM.118296","","","","Megaceros giganteus Blumenbach, 1799","Megaceros","giganteus"
"Macro Vertebrates","RGM.118443","","","","Crocuta crocuta spelaea (Goldfuss, 1823)","Crocuta","crocuta"
"Macro Vertebrates","RGM.118521","","","","Megaceros giganteus Blumenbach, 1799","Megaceros","giganteus"
"Macro Vertebrates","RGM.119130","","","","Talpa europaea L.","Talpa","europaea"
"Macro Vertebrates","RGM.119423","","","","Ursus arctos L.","Ursus","arctos"
"Macro Vertebrates","RGM.119457","","","","Megaceros giganteus Blumenbach, 1799","Megaceros","giganteus"
"Macro Vertebrates","RGM.119592","","","","Bison priscus Bojanus, 1825","Bison","priscus"
"Macro Vertebrates","RGM.119652","","","","Bison priscus Bojanus, 1825","Bison","priscus"
"Macro Vertebrates","RGM.119677","","","","Coelodonta antiquitatis Blumenbach, 1799","Coelodonta","antiquitatis"
"Macro Vertebrates","RGM.119751","","","","Felis catus L.","Felis","catus"
"Macro Vertebrates","RGM.119850","","","","Bison priscus Bojanus, 1825","Bison","priscus"
"Macro Vertebrates","RGM.119988","","","","Bison priscus Bojanus, 1825","Bison","priscus"
"Macro Vertebrates","RGM.12133","","","","Megaceros giganteus","Megaceros","giganteus"
"Macro Vertebrates","RGM.12182","","http://medialib.naturalis.nl/file/id/RGM.12182/format/small","http://medialib.naturalis.nl/file/id/RGM.12182/format/large","Hippopotamus amphibius L.","Hippopotamus","amphibius"
"Macro Vertebrates","RGM.12182","","","","Hippopotamus amphibius L.","Hippopotamus","amphibius"
"Macro Vertebrates","RGM.12279","","http://medialib.naturalis.nl/file/id/RGM.12279/format/small","http://medialib.naturalis.nl/file/id/RGM.12279/format/large","Castor fiber L.","Castor","fiber"
"Macro Vertebrates","RGM.122816","","","","Castor fiber L.","Castor","fiber"
"Macro Vertebrates","RGM.122864","","","","Marmota marmota primigenia (Kaup, 1839)","Marmota","marmota"
"Macro Vertebrates","RGM.12288","Exhibition ""Oerparade"" 0125.01.00","","","Alces alces L.","Alces","alces"
"Macro Vertebrates","RGM.12300","Exhibition ""Oerparade"" 0125.05.00","","","Mammuthus primigenius Blumenbach, 1799","Mammuthus","primigenius"
"Macro Vertebrates","RGM.123048","","","","Mammuthus primigenius Blumenbach, 1799","Mammuthus","primigenius"
"Macro Vertebrates","RGM.12308","Exhibition ""Oerparade"" 0125.01.00","","","Mammuthus primigenius Blumenbach, 1799","Mammuthus","primigenius"
"Macro Vertebrates","RGM.123121","","","","Panthera spelaea (Goldfuss, 1821)","Panthera","spelaea"
"Macro Vertebrates","RGM.12315","","","","Coelodonta antiquitatis Blumenbach, 1799","Coelodonta","antiquitatis"
"Macro Vertebrates","RGM.12316","","","","Coelodonta antiquitatis Blumenbach, 1799","Coelodonta","antiquitatis"
"Macro Vertebrates","RGM.12322","Exhibition ""Oerparade"" 0125.01.00","","","Cervus elaphus (L.)","Cervus","elaphus"
"Macro Vertebrates","RGM.123311","","","","Megaceros giganteus Blumenbach, 1799","Megaceros","giganteus"
"Macro Vertebrates","RGM.123324","","","","Mammuthus primigenius Blumenbach, 1799","Mammuthus","primigenius"
"Macro Vertebrates","RGM.123414","","","","Equus caballus L.","Equus","caballus"
"Macro Vertebrates","RGM.123451","","","","Rattus rattus L.","Rattus","rattus"
"Macro Vertebrates","RGM.123452","","","","Rattus rattus L.","Rattus","rattus"
"Macro Vertebrates","RGM.123455","","","","Apodemus sp.","Apodemus","sp."
"Macro Vertebrates","RGM.123458","","","","Rodentia Gen. indet. sp. indet.","Rodentia Gen. indet.","sp. indet."
"Macro Vertebrates","RGM.123460","","","","Rattus rattus L.","Rattus","rattus"
"Macro Vertebrates","RGM.123461","","","","Microtus sp.","Microtus","sp."
"Macro Vertebrates","RGM.123464","","","","Apodemus sp.","Apodemus","sp."
"Macro Vertebrates","RGM.123465","","","","Microtus sp.","Microtus","sp."
"Macro Vertebrates","RGM.123469","","","","Arvicola sp.","Arvicola","sp."
"Macro Vertebrates","RGM.123473","","","","Rattus rattus L.","Rattus","rattus"
"Macro Vertebrates","RGM.123778","","","","Coelodonta antiquitatis Blumenbach, 1799","Coelodonta","antiquitatis"
"Macro Vertebrates","RGM.123942","","","","Crocuta crocuta spelaea (Goldfuss, 1823)","Crocuta","crocuta"
"Macro Vertebrates","RGM.123947","","","","Megaceros giganteus Blumenbach, 1799","Megaceros","giganteus"
"Macro Vertebrates","RGM.123999","","","","Megaceros giganteus Blumenbach, 1799","Megaceros","giganteus"
"Macro Vertebrates","RGM.124108","","","","Megaceros giganteus Blumenbach, 1799","Megaceros","giganteus"
"Macro Vertebrates","RGM.124228","","","","Equus caballus L.","Equus","caballus"
"Macro Vertebrates","RGM.124229","","","","Equus caballus L.","Equus","caballus"
"Macro Vertebrates","RGM.124271","","","","Megaceros giganteus Blumenbach, 1799","Megaceros","giganteus"
"Macro Vertebrates","RGM.124355","","","","Megaceros giganteus Blumenbach, 1799","Megaceros","giganteus"
"Macro Vertebrates","RGM.124425","","","","Mammuthus primigenius Blumenbach, 1799","Mammuthus","primigenius"
"Macro Vertebrates","RGM.12458","Exhibition ""Oerparade"" 0098.01.00","","","Thoracosaurus macrorhynchus","Thoracosaurus","macrorhynchus"
"Macro Vertebrates","RGM.124649","","","","Megaceros giganteus Blumenbach, 1799","Megaceros","giganteus"
"Macro Vertebrates","RGM.124864","","","","Panthera spelaea (Goldfuss, 1821)","Panthera","spelaea"
"Macro Vertebrates","RGM.124907","","","","Mammuthus primigenius Blumenbach, 1799","Mammuthus","primigenius"
"Macro Vertebrates","RGM.124972","","","","Megaceros giganteus Blumenbach, 1799","Megaceros","giganteus"
"Macro Vertebrates","RGM.124984","","","","Mammuthus primigenius Blumenbach, 1799","Mammuthus","primigenius"
"Macro Vertebrates","RGM.124985","","","","Panthera spelaea (Goldfuss, 1821)","Panthera","spelaea"
"Macro Vertebrates","RGM.132551","","","","Panthera spelaea (Goldfuss, 1821)","Panthera","spelaea"
"Macro Vertebrates","RGM.132916","","","","Megaceros giganteus Blumenbach, 1799","Megaceros","giganteus"
"Macro Vertebrates","RGM.132937","","","","Lutra lutra (L.)","Lutra","lutra"
"Macro Vertebrates","RGM.133087","","","","Crocuta crocuta spelaea (Goldfuss, 1823)","Crocuta","crocuta"
"Macro Vertebrates","RGM.133090","","","","Megaceros giganteus Blumenbach, 1799","Megaceros","giganteus"
"Macro Vertebrates","RGM.133097","15/17. 4-2-6. gereserveerd voor Geomax 2009","","","Equus caballus L.","Equus","caballus"
"Macro Vertebrates","RGM.133128","","","","Ursus arctos L.","Ursus","arctos"
"Macro Vertebrates","RGM.133128","","http://medialib.naturalis.nl/file/id/RGM.133128/format/small","http://medialib.naturalis.nl/file/id/RGM.133128/format/large","Ursus arctos L.","Ursus","arctos"
"Macro Vertebrates","RGM.133172","","","","Megaceros giganteus Blumenbach, 1799","Megaceros","giganteus"
"Macro Vertebrates","RGM.133173","","","","Megaceros giganteus Blumenbach, 1799","Megaceros","giganteus"
"Macro Vertebrates","RGM.133181","","","","Megaceros giganteus Blumenbach, 1799","Megaceros","giganteus"
"Macro Vertebrates","RGM.1332242","","","","","Rhynchosauroides","peabodyi"
"Macro Vertebrates","RGM.1332243","","","","","Stegosaurus","stenops"
"Macro Vertebrates","RGM.1332244","","","","","Anatosaurus",""
"Macro Vertebrates","RGM.1332245","","","","","Tyrannosaurus",""
"Macro Vertebrates","RGM.1332246","","","","","Archaeopteryx","lithographica"
"Macro Vertebrates","RGM.1332247","","","","","Triceratops",""
"Macro Vertebrates","RGM.1332248","","","","Dinosaur eggs (nest)","",""
"Macro Vertebrates","RGM.1332249","","","","","Stenopterygius",""
"Macro Vertebrates","RGM.1332250","","","","","Ichthyosaurus",""
"Macro Vertebrates","RGM.1332500","","","","","Triceratops",""
"Macro Vertebrates","RGM.133281","","","","Megaceros giganteus Blumenbach, 1799","Megaceros","giganteus"
"Macro Vertebrates","RGM.133282","","","","Megaceros giganteus Blumenbach, 1799","Megaceros","giganteus"
"Macro Vertebrates","RGM.133313","Exhibition ""Oerparade"" 0125.01.00","","","Bison priscus Bojanus, 1825","Bison","priscus"
"Macro Vertebrates","RGM.133354","","","","Megaceros giganteus Blumenbach, 1799","Megaceros","giganteus"
"Macro Vertebrates","RGM.133360","","","","Bison priscus Bojanus, 1825","Bison","priscus"
"Macro Vertebrates","RGM.133402","","","","Megaceros giganteus Blumenbach, 1799","Megaceros","giganteus"
"Macro Vertebrates","RGM.133416","","","","Mammuthus primigenius Blumenbach, 1799","Mammuthus","primigenius"
"Macro Vertebrates","RGM.133435","","","","Megaceros giganteus Blumenbach, 1799","Megaceros","giganteus"
"Macro Vertebrates","RGM.133544","","","","Megaceros giganteus Blumenbach, 1799","Megaceros","giganteus"
"Macro Vertebrates","RGM.133561","","","","Mammuthus primigenius Blumenbach, 1799","Mammuthus","primigenius"
"Macro Vertebrates","RGM.133574","","","","Mammuthus primigenius Blumenbach, 1799","Mammuthus","primigenius"
"Macro Vertebrates","RGM.133606","","","","Megaceros giganteus Blumenbach, 1799","Megaceros","giganteus"
"Macro Vertebrates","RGM.133753","","","","Megaceros giganteus Blumenbach, 1799","Megaceros","giganteus"
"Macro Vertebrates","RGM.133776","","","","Megaceros giganteus Blumenbach, 1799","Megaceros","giganteus"
"Macro Vertebrates","RGM.133802","","","","Megaceros giganteus Blumenbach, 1799","Megaceros","giganteus"
"Macro Vertebrates","RGM.133813","","","","Megaceros giganteus Blumenbach, 1799","Megaceros","giganteus"
"Macro Vertebrates","RGM.133931","","","","Equus hydruntinis","Equus","hydruntinis"
"Macro Vertebrates","RGM.134013","","","","Mammuthus primigenius Blumenbach, 1799","Mammuthus","primigenius"
"Macro Vertebrates","RGM.134084","","","","Coelodonta antiquitatis Blumenbach, 1799","Coelodonta","antiquitatis"
"Macro Vertebrates","RGM.134098","","","","Megaceros giganteus Blumenbach, 1799","Megaceros","giganteus"
"Macro Vertebrates","RGM.134107","","","","Mammuthus primigenius Blumenbach, 1799","Mammuthus","primigenius"
"Macro Vertebrates","RGM.134122","","","","Panthera spelaea (Goldfuss, 1821)","Panthera","spelaea"
"Macro Vertebrates","RGM.134390","","","","Megaceros giganteus Blumenbach, 1799","Megaceros","giganteus"
"Macro Vertebrates","RGM.134404","","","","Megaceros giganteus Blumenbach, 1799","Megaceros","giganteus"
"Macro Vertebrates","RGM.134455","","http://medialib.naturalis.nl/file/id/RGM.134455_1/format/small","http://medialib.naturalis.nl/file/id/RGM.134455_1/format/large","Hippopotamus amphibius L.","Hippopotamus","amphibius"
"Macro Vertebrates","RGM.134455","","http://medialib.naturalis.nl/file/id/RGM.134455_2/format/small","http://medialib.naturalis.nl/file/id/RGM.134455_2/format/large","Hippopotamus amphibius L.","Hippopotamus","amphibius"
"Macro Vertebrates","RGM.134530","","","","Megaceros giganteus Blumenbach, 1799","Megaceros","giganteus"
"Macro Vertebrates","RGM.134695","Exhibition ""Oerparade"" 0125.02.00","","","Panthera spelaea (Goldfuss, 1821)","Panthera","spelaea"
"Macro Vertebrates","RGM.134751","","","","Panthera spelaea (Goldfuss, 1821)","Panthera","spelaea"
"Macro Vertebrates","RGM.134820","","","","Mammuthus primigenius Blumenbach, 1799","Mammuthus","primigenius"
"Macro Vertebrates","RGM.134889","","","","Megaceros giganteus Blumenbach, 1799","Megaceros","giganteus"
"Macro Vertebrates","RGM.134892","","","","Megaceros giganteus Blumenbach, 1799","Megaceros","giganteus"
"Macro Vertebrates","RGM.134896","","","","Megaceros giganteus Blumenbach, 1799","Megaceros","giganteus"
"Macro Vertebrates","RGM.134996","","","","Talpa europaea L.","Talpa","europaea"
"Macro Vertebrates","RGM.137655","","","","Megaceros giganteus Blumenbach, 1799","Megaceros","giganteus"
"Macro Vertebrates","RGM.137664","","","","Coelodonta antiquitatis Blumenbach, 1799","Coelodonta","antiquitatis"
"Macro Vertebrates","RGM.137683","","","","Panthera spelaea (Goldfuss, 1821)","Panthera","spelaea"
"Macro Vertebrates","RGM.137687","","","","Panthera spelaea (Goldfuss, 1821)","Panthera","spelaea"
"Macro Vertebrates","RGM.137694","","","","Ursus arctos L.","Ursus","arctos"
"Macro Vertebrates","RGM.137707","Exhibition ""Oerparade"" 0125.01.00","","","Bos primigenius Bojanus, 1827","Bos","primigenius"
"Macro Vertebrates","RGM.137799","","","","Megaceros giganteus Blumenbach, 1799","Megaceros","giganteus"
"Macro Vertebrates","RGM.137890","","http://medialib.naturalis.nl/file/id/RGM.137890/format/small","http://medialib.naturalis.nl/file/id/RGM.137890/format/large","Equus hydruntinis","Equus","hydruntinis"
"Macro Vertebrates","RGM.137902","","","","Panthera spelaea (Goldfuss, 1821)","Panthera","spelaea"
"Macro Vertebrates","RGM.137914","","","","Coelodonta antiquitatis Blumenbach, 1799","Coelodonta","antiquitatis"
"Macro Vertebrates","RGM.137944","","","","Megaceros giganteus Blumenbach, 1799","Megaceros","giganteus"
"Macro Vertebrates","RGM.138245","","","","Megaceros giganteus Blumenbach, 1799","Megaceros","giganteus"
"Macro Vertebrates","RGM.138311","","","","Megaceros giganteus Blumenbach, 1799","Megaceros","giganteus"
"Macro Vertebrates","RGM.138410","","","","Panthera spelaea (Goldfuss, 1821)","Panthera","spelaea"
"Macro Vertebrates","RGM.138444","","","","Megaceros giganteus Blumenbach, 1799","Megaceros","giganteus"
"Macro Vertebrates","RGM.138647","","","","Crocuta crocuta spelaea (Goldfuss, 1823)","Crocuta","crocuta"
"Macro Vertebrates","RGM.138650","","","","Megaceros giganteus Blumenbach, 1799","Megaceros","giganteus"
"Macro Vertebrates","RGM.138668","","","","Coelodonta antiquitatis Blumenbach, 1799","Coelodonta","antiquitatis"
"Macro Vertebrates","RGM.138841","","","","Panthera spelaea (Goldfuss, 1821)","Panthera","spelaea"
"Macro Vertebrates","RGM.138883","","","","Coelodonta antiquitatis Blumenbach, 1799","Coelodonta","antiquitatis"
"Macro Vertebrates","RGM.138953","","","","Panthera spelaea (Goldfuss, 1821)","Panthera","spelaea"
"Macro Vertebrates","RGM.138976","","","","Castor fiber L.","Castor","fiber"
"Macro Vertebrates","RGM.139026","","","","Ursus arctos L.","Ursus","arctos"
"Macro Vertebrates","RGM.139027","","","","Hippopotamus sp.","Hippopotamus","sp."
"Macro Vertebrates","RGM.139031","","","","Megaceros giganteus Blumenbach, 1799","Megaceros","giganteus"
"Macro Vertebrates","RGM.139213","","","","Crocuta crocuta spelaea (Goldfuss, 1823)","Crocuta","crocuta"
"Macro Vertebrates","RGM.139239","","","","Megaceros giganteus Blumenbach, 1799","Megaceros","giganteus"
"Macro Vertebrates","RGM.139268","","","","Coelodonta antiquitatis Blumenbach, 1799","Coelodonta","antiquitatis"
"Macro Vertebrates","RGM.139271","","","","Coelodonta antiquitatis Blumenbach, 1799","Coelodonta","antiquitatis"
"Macro Vertebrates","RGM.139371","","","","Megaceros giganteus Blumenbach, 1799","Megaceros","giganteus"
"Macro Vertebrates","RGM.139496","","","","Megaceros giganteus Blumenbach, 1799","Megaceros","giganteus"
"Macro Vertebrates","RGM.139574","","","","Mammuthus primigenius Blumenbach, 1799","Mammuthus","primigenius"
"Macro Vertebrates","RGM.139583","","","","Megaceros giganteus Blumenbach, 1799","Megaceros","giganteus"
"Macro Vertebrates","RGM.139594","","","","Mammuthus primigenius Blumenbach, 1799","Mammuthus","primigenius"
"Macro Vertebrates","RGM.139656","","","","Coelodonta antiquitatis Blumenbach, 1799","Coelodonta","antiquitatis"
"Macro Vertebrates","RGM.139704","","","","Panthera spelaea (Goldfuss, 1821)","Panthera","spelaea"
"Macro Vertebrates","RGM.139723","","","","Mammuthus primigenius Blumenbach, 1799","Mammuthus","primigenius"
"Macro Vertebrates","RGM.139781","","","","Megaceros giganteus Blumenbach, 1799","Megaceros","giganteus"
"Macro Vertebrates","RGM.139849","","","","Megaceros giganteus Blumenbach, 1799","Megaceros","giganteus"
"Macro Vertebrates","RGM.139854","","","","Megaceros giganteus Blumenbach, 1799","Megaceros","giganteus"
"Macro Vertebrates","RGM.139895","","","","Castor fiber L.","Castor","fiber"
"Macro Vertebrates","RGM.139896","","","","Coelodonta antiquitatis Blumenbach, 1799","Coelodonta","antiquitatis"
"Macro Vertebrates","RGM.139927","","","","Megaceros giganteus Blumenbach, 1799","Megaceros","giganteus"
"Macro Vertebrates","RGM.139933","","","","Coelodonta antiquitatis Blumenbach, 1799","Coelodonta","antiquitatis"
"Macro Vertebrates","RGM.14031","","","","Coelodonta antiquitatis Blumenbach, 1799","Coelodonta","antiquitatis"
"Macro Vertebrates","RGM.14032","","","","Coelodonta antiquitatis Blumenbach, 1799","Coelodonta","antiquitatis"
"Macro Vertebrates","RGM.14033","","","","Coelodonta antiquitatis Blumenbach, 1799","Coelodonta","antiquitatis"
"Macro Vertebrates","RGM.14034","","","","Coelodonta antiquitatis Blumenbach, 1799","Coelodonta","antiquitatis"
"Macro Vertebrates","RGM.14062","Exhibition ""Oerparade"" 0098.06.00","","","Allopleuron hoffmanni (Gray, 1831)","Allopleuron","hoffmanni"
"Macro Vertebrates","RGM.14069","","","","Coelodonta antiquitatis Blumenbach, 1799","Coelodonta","antiquitatis"
"Macro Vertebrates","RGM.14071","Exhibition ""Oerparade"" 0109.04.00","","","Mosasaurus giganteus (Sömmering, 1816)","Mosasaurus","giganteus"
"Macro Vertebrates","RGM.145057","","","","Crocuta crocuta spelaea (Goldfuss, 1823)","Crocuta","crocuta"
"Macro Vertebrates","RGM.145162","","","","Megaceros giganteus Blumenbach, 1799","Megaceros","giganteus"
"Macro Vertebrates","RGM.145407","","","","Mammuthus primigenius Blumenbach, 1799","Mammuthus","primigenius"
"Macro Vertebrates","RGM.145424","","","","Megaceros giganteus Blumenbach, 1799","Megaceros","giganteus"
"Macro Vertebrates","RGM.145517","","","","Megaceros giganteus Blumenbach, 1799","Megaceros","giganteus"
"Macro Vertebrates","RGM.145519","","","","Crocuta crocuta spelaea (Goldfuss, 1823)","Crocuta","crocuta"
"Macro Vertebrates","RGM.145592","","","","Coelodonta antiquitatis Blumenbach, 1799","Coelodonta","antiquitatis"
"Macro Vertebrates","RGM.145597","","","","Megaceros giganteus Blumenbach, 1799","Megaceros","giganteus"
"Macro Vertebrates","RGM.145622","","","","Megaceros giganteus Blumenbach, 1799","Megaceros","giganteus"
"Macro Vertebrates","RGM.145649","","","","Panthera spelaea (Goldfuss, 1821)","Panthera","spelaea"
"Macro Vertebrates","RGM.145788","","","","Megaceros giganteus Blumenbach, 1799","Megaceros","giganteus"
"Macro Vertebrates","RGM.145940","","","","Megaceros giganteus Blumenbach, 1799","Megaceros","giganteus"
"Macro Vertebrates","RGM.145962","","","","Crocuta crocuta spelaea (Goldfuss, 1823)","Crocuta","crocuta"
"Macro Vertebrates","RGM.146037","","","","Megaceros giganteus Blumenbach, 1799","Megaceros","giganteus"
"Macro Vertebrates","RGM.146301","","","","Panthera spelaea (Goldfuss, 1821)","Panthera","spelaea"
"Macro Vertebrates","RGM.146309","","","","Crocuta crocuta spelaea (Goldfuss, 1823)","Crocuta","crocuta"
"Macro Vertebrates","RGM.146440","","","","Anancus arvernensis (Croizet & Jobert, 1828)","Anancus","arvernensis"
"Macro Vertebrates","RGM.146509","","","","Megaceros giganteus Blumenbach, 1799","Megaceros","giganteus"
"Macro Vertebrates","RGM.146662","","","","Lutra Lutra (L.)","Lutra","Lutra"
"Macro Vertebrates","RGM.146877","","","","Megaceros giganteus Blumenbach, 1799","Megaceros","giganteus"
"Macro Vertebrates","RGM.147002","","","","Lutra lutra (L.)","Lutra","lutra"
"Macro Vertebrates","RGM.147115","","","","Mammuthus primigenius Blumenbach, 1799","Mammuthus","primigenius"
"Macro Vertebrates","RGM.147138","","","","Ursus arctos L.","Ursus","arctos"
"Macro Vertebrates","RGM.147138","","http://medialib.naturalis.nl/file/id/RGM.147138/format/small","http://medialib.naturalis.nl/file/id/RGM.147138/format/large","Ursus arctos L.","Ursus","arctos"
"Macro Vertebrates","RGM.147161","","","","Megaceros giganteus Blumenbach, 1799","Megaceros","giganteus"
"Macro Vertebrates","RGM.147200","","","","Megaceros giganteus Blumenbach, 1799","Megaceros","giganteus"
"Macro Vertebrates","RGM.147209","","","","Ursus arctos L.","Ursus","arctos"
"Macro Vertebrates","RGM.147216","","","","Megaceros giganteus Blumenbach, 1799","Megaceros","giganteus"
"Macro Vertebrates","RGM.147308","","","","Mammuthus primigenius Blumenbach, 1799","Mammuthus","primigenius"
"Macro Vertebrates","RGM.147375","","","","Megaceros giganteus Blumenbach, 1799","Megaceros","giganteus"
"Macro Vertebrates","RGM.147441","","","","Panthera spelaea (Goldfuss, 1821)","Panthera","spelaea"
"Macro Vertebrates","RGM.147444","","","","Panthera/Homotherium? spelaea (Goldfuss, 1821)","Panthera/Homotherium?","spelaea"
"Macro Vertebrates","RGM.147449","","","","Megaceros giganteus Blumenbach, 1799","Megaceros","giganteus"
"Macro Vertebrates","RGM.14745","","","","Mammuthus trogontherii Pohlig, 1885","Mammuthus","trogontherii"
"Macro Vertebrates","RGM.147450","","","","Megaceros giganteus Blumenbach, 1799","Megaceros","giganteus"
"Macro Vertebrates","RGM.152573","","","","Megaceros giganteus Blumenbach, 1799","Megaceros","giganteus"
"Macro Vertebrates","RGM.152646","","","","Megaceros giganteus Blumenbach, 1799","Megaceros","giganteus"
"Macro Vertebrates","RGM.152662","","","","Panthera spelaea (Goldfuss, 1821)","Panthera","spelaea"
"Macro Vertebrates","RGM.152666","","","","Crocuta crocuta spelaea (Goldfuss, 1823)","Crocuta","crocuta"
"Macro Vertebrates","RGM.152672","","","","Megaceros giganteus Blumenbach, 1799","Megaceros","giganteus"
"Macro Vertebrates","RGM.152761","","","","Equus caballus L.","Equus","caballus"
"Macro Vertebrates","RGM.152797","","","","Megaceros giganteus Blumenbach, 1799","Megaceros","giganteus"
"Macro Vertebrates","RGM.152810","","","","Coelodonta antiquitatis Blumenbach, 1799","Coelodonta","antiquitatis"
"Macro Vertebrates","RGM.152825","","","","Crocuta crocuta spelaea (Goldfuss, 1823)","Crocuta","crocuta"
"Macro Vertebrates","RGM.152857","","","","Megaceros giganteus Blumenbach, 1799","Megaceros","giganteus"
"Macro Vertebrates","RGM.152907","","","","Megaceros giganteus Blumenbach, 1799","Megaceros","giganteus"
"Macro Vertebrates","RGM.152916","","","","Panthera spelaea (Goldfuss, 1821)","Panthera","spelaea"
"Macro Vertebrates","RGM.153035","","","","Coelodonta antiquitatis Blumenbach, 1799","Coelodonta","antiquitatis"
"Macro Vertebrates","RGM.153050","","","","Panthera spelaea (Goldfuss, 1821)","Panthera","spelaea"
"Macro Vertebrates","RGM.153129","","","","Megaceros giganteus Blumenbach, 1799","Megaceros","giganteus"
"Macro Vertebrates","RGM.153298","","","","Crocuta crocuta spelaea (Goldfuss, 1823)","Crocuta","crocuta"
"Macro Vertebrates","RGM.153530","","","","Megaceros giganteus Blumenbach, 1799","Megaceros","giganteus"
"Macro Vertebrates","RGM.153572","","","","Panthera spelaea (Goldfuss, 1821)","Panthera","spelaea"
"Macro Vertebrates","RGM.153573","","","","Ursus arctos L.","Ursus","arctos"
"Macro Vertebrates","RGM.153634","","","","Megaceros giganteus Blumenbach, 1799","Megaceros","giganteus"
"Macro Vertebrates","RGM.153635","","","","Crocuta crocuta spelaea (Goldfuss, 1823)","Crocuta","crocuta"
"Macro Vertebrates","RGM.153644","","","","Megaceros giganteus Blumenbach, 1799","Megaceros","giganteus"
"Macro Vertebrates","RGM.153686","","","","Megaceros giganteus Blumenbach, 1799","Megaceros","giganteus"
"Macro Vertebrates","RGM.153704","","","","Megaceros giganteus Blumenbach, 1799","Megaceros","giganteus"
"Macro Vertebrates","RGM.153706","","","","Megaceros giganteus Blumenbach, 1799","Megaceros","giganteus"
"Macro Vertebrates","RGM.153717","","","","Coelodonta antiquitatis Blumenbach, 1799","Coelodonta","antiquitatis"
"Macro Vertebrates","RGM.153719","","","","Castor fiber L.","Castor","fiber"
"Macro Vertebrates","RGM.153720","","","","Castor fiber L.","Castor","fiber"
"Macro Vertebrates","RGM.153739","","","","Megaceros giganteus Blumenbach, 1799","Megaceros","giganteus"
"Macro Vertebrates","RGM.153754","","","","Crocuta crocuta spelaea (Goldfuss, 1823)","Crocuta","crocuta"
"Macro Vertebrates","RGM.153826","","","","Crocuta crocuta spelaea (Goldfuss, 1823)","Crocuta","crocuta"
"Macro Vertebrates","RGM.153827","","","","Crocuta crocuta spelaea (Goldfuss, 1823)","Crocuta","crocuta"
"Macro Vertebrates","RGM.153899","","","","Coelodonta antiquitatis Blumenbach, 1799","Coelodonta","antiquitatis"
"Macro Vertebrates","RGM.153902","","","","Megaceros giganteus Blumenbach, 1799","Megaceros","giganteus"
"Macro Vertebrates","RGM.153914","","","","Megaceros giganteus Blumenbach, 1799","Megaceros","giganteus"
"Macro Vertebrates","RGM.153925","","","","Megaceros giganteus Blumenbach, 1799","Megaceros","giganteus"
"Macro Vertebrates","RGM.154021","","","","Megaceros giganteus Blumenbach, 1799","Megaceros","giganteus"
"Macro Vertebrates","RGM.154039","","http://medialib.naturalis.nl/file/id/RGM.154039/format/small","http://medialib.naturalis.nl/file/id/RGM.154039/format/large","Mammuthus primigenius Blumenbach, 1799","Mammuthus","primigenius"
"Macro Vertebrates","RGM.154039","","","","Mammuthus primigenius Blumenbach, 1799","Mammuthus","primigenius"
"Macro Vertebrates","RGM.154111","","","","Megaceros giganteus Blumenbach, 1799","Megaceros","giganteus"
"Macro Vertebrates","RGM.154214","","","","Megaceros giganteus Blumenbach, 1799","Megaceros","giganteus"
"Macro Vertebrates","RGM.154336","","","","Megaceros giganteus Blumenbach, 1799","Megaceros","giganteus"
"Macro Vertebrates","RGM.154614","","","","Felis catus L.","Felis","catus"
"Macro Vertebrates","RGM.154693","","","","Mammuthus primigenius Blumenbach, 1799","Mammuthus","primigenius"
"Macro Vertebrates","RGM.154697","","","","Mammuthus primigenius Blumenbach, 1799","Mammuthus","primigenius"
"Macro Vertebrates","RGM.154707","","","","Equus caballus L.","Equus","caballus"
"Macro Vertebrates","RGM.154777","","","","Equus caballus L.","Equus","caballus"
"Macro Vertebrates","RGM.154814","","","","Megaceros giganteus Blumenbach, 1799","Megaceros","giganteus"
"Macro Vertebrates","RGM.154816","","","","Crocuta crocuta spelaea (Goldfuss, 1823)","Crocuta","crocuta"
"Macro Vertebrates","RGM.170002","","","","Crocuta crocuta spelaea (Goldfuss, 1823)","Crocuta","crocuta"
"Macro Vertebrates","RGM.170037","","","","Megaceros giganteus Blumenbach, 1799","Megaceros","giganteus"
"Macro Vertebrates","RGM.170053","","","","Mammuthus primigenius Blumenbach, 1799","Mammuthus","primigenius"
"Macro Vertebrates","RGM.170066","","","","Megaceros giganteus Blumenbach, 1799","Megaceros","giganteus"
"Macro Vertebrates","RGM.170067","","","","Megaceros giganteus Blumenbach, 1799","Megaceros","giganteus"
"Macro Vertebrates","RGM.170196","","","","Megaceros giganteus Blumenbach, 1799","Megaceros","giganteus"
"Macro Vertebrates","RGM.170250","","","","Coelodonta antiquitatis Blumenbach, 1799","Coelodonta","antiquitatis"
"Macro Vertebrates","RGM.170348","","","","Megaceros giganteus Blumenbach, 1799","Megaceros","giganteus"
"Macro Vertebrates","RGM.170379","","","","Crocuta crocuta spelaea (Goldfuss, 1823)","Crocuta","crocuta"
"Macro Vertebrates","RGM.170512","","","","Equus caballus L.","Equus","caballus"
"Macro Vertebrates","RGM.170659","","","","Megaceros giganteus Blumenbach, 1799","Megaceros","giganteus"
"Macro Vertebrates","RGM.170674","","","","Mammuthus primigenius Blumenbach, 1799","Mammuthus","primigenius"
"Macro Vertebrates","RGM.170880","","","","Castor fiber L.","Castor","fiber"
"Macro Vertebrates","RGM.171011","","","","Coelodonta antiquitatis Blumenbach, 1799","Coelodonta","antiquitatis"
"Macro Vertebrates","RGM.171623","","","","Megaceros giganteus Blumenbach, 1799","Megaceros","giganteus"
"Macro Vertebrates","RGM.171795","","","","Megaceros giganteus Blumenbach, 1799","Megaceros","giganteus"
"Macro Vertebrates","RGM.171811","","","","Megaceros giganteus Blumenbach, 1799","Megaceros","giganteus"
"Macro Vertebrates","RGM.171849","","","","Megaceros giganteus Blumenbach, 1799","Megaceros","giganteus"
"Macro Vertebrates","RGM.171938","","","","Megaceros giganteus Blumenbach, 1799","Megaceros","giganteus"
"Macro Vertebrates","RGM.171939","","","","Megaceros giganteus Blumenbach, 1799","Megaceros","giganteus"
"Macro Vertebrates","RGM.171958","","","","Megaceros giganteus Blumenbach, 1799","Megaceros","giganteus"
"Macro Vertebrates","RGM.171960","","","","Coelodonta antiquitatis Blumenbach, 1799","Coelodonta","antiquitatis"
"Macro Vertebrates","RGM.171969","","","","Megaceros giganteus Blumenbach, 1799","Megaceros","giganteus"
"Macro Vertebrates","RGM.172016","","","","Megaceros giganteus Blumenbach, 1799","Megaceros","giganteus"
"Macro Vertebrates","RGM.172020","","","","Coelodonta antiquitatis Blumenbach, 1799","Coelodonta","antiquitatis"
"Macro Vertebrates","RGM.172029","","","","Megaceros giganteus Blumenbach, 1799","Megaceros","giganteus"
"Macro Vertebrates","RGM.172069","","","","Megaceros giganteus Blumenbach, 1799","Megaceros","giganteus"
"Macro Vertebrates","RGM.172300","","","","Equus hydruntinis","Equus","hydruntinis"
"Macro Vertebrates","RGM.172314","","","","Megaceros giganteus Blumenbach, 1799","Megaceros","giganteus"
"Macro Vertebrates","RGM.172323","","","","Mammuthus primigenius Blumenbach, 1799","Mammuthus","primigenius"
"Macro Vertebrates","RGM.172349","gereserveerd voor Geomax 2009","","","Odobenus sp.","Odobenus","sp."
"Macro Vertebrates","RGM.172413","","","","Panthera spelaea (Goldfuss, 1821)","Panthera","spelaea"
"Macro Vertebrates","RGM.172433","","","","Panthera spelaea (Goldfuss, 1821)","Panthera","spelaea"
"Macro Vertebrates","RGM.18183","","","","Pterodactylus antiquus Sömmering, 1812","Pterodactylus","antiquus"
"Macro Vertebrates","RGM.18184","Exhibition ""Oerparade"" 0112.02.00","","","Pterodactylus antiquus (Sommering)","Pterodactylus","antiquus"
"Macro Vertebrates","RGM.18295","","","","Coelodonta antiquitatis Blumenbach, 1799","Coelodonta","antiquitatis"
"Macro Vertebrates","RGM.18324","Exhibition ""Oerparade"" 0097.02.00","","","Leptolepis knorri, (Agassiz)","Leptolepis","knorri"
"Macro Vertebrates","RGM.18344","Exhibition ""Oerparade"" 0098.05.00","","","Pelagosaurus typus","Pelagosaurus","typus"
"Macro Vertebrates","RGM.18347","","","","Plesiosaurus dolichodeirus Conybeare, 1821","Plesiosaurus","dolichodeirus"
"Macro Vertebrates","RGM.18349","Exhibition ""Oerparade"" 0109.01.00","","","Stenopterygius quadriscissus (von Quenstadt, 1858)","Stenopterygius","quadriscissus"
"Macro Vertebrates","RGM.18355","Exhibition ""Oerparade"" 0125.01.00","","","Megaceros giganteus Blumenbach, 1799","Megaceros","giganteus"
"Macro Vertebrates","RGM.18356","Exhibition ""Oerparade"" 0125.01.00","","","Ursus spelaeus Rosenmueller & Heinroth, 1794","Ursus","spelaeus"
"Macro Vertebrates","RGM.18445","","","","Ursus spelaeus Rosenmüller & Heinroth, 1794","Ursus","spelaeus"
"Macro Vertebrates","RGM.18811","","","","Mammuthus primigenius Blumenbach, 1799","Mammuthus","primigenius"
"Macro Vertebrates","RGM.21025","","","","Bison priscus Bojanus, 1825","Bison","priscus"
"Macro Vertebrates","RGM.27034","","","","Mammuthus primigenius Blumenbach, 1799","Mammuthus","primigenius"
"Macro Vertebrates","RGM.28265","gereserveerd  voor Geomax 2009","","","Coelodonta antiquitatis Blumenbach, 1799","Coelodonta","antiquitatis"
"Macro Vertebrates","RGM.28387","","","","Mammuthus primigenius Blumenbach, 1799","Mammuthus","primigenius"
"Macro Vertebrates","RGM.291267","Exhibition ""Oerparade"" 0108.02.00","","","Faveoloolithus ningxiaensis","Faveoloolithus","ningxiaensis"
"Macro Vertebrates","RGM.30494","","http://medialib.naturalis.nl/file/id/RGM.30494_1/format/small","http://medialib.naturalis.nl/file/id/RGM.30494_1/format/large","Equus caballus L.","Equus","caballus"
"Macro Vertebrates","RGM.30494","","http://medialib.naturalis.nl/file/id/RGM.30494_2/format/small","http://medialib.naturalis.nl/file/id/RGM.30494_2/format/large","Equus caballus L.","Equus","caballus"
"Macro Vertebrates","RGM.30503","","","","Equus caballus L.","Equus","caballus"
"Macro Vertebrates","RGM.30948","","","","Equus hydruntinis","Equus","hydruntinis"
"Macro Vertebrates","RGM.33347","","","","Coelodonta antiquitatis Blumenbach, 1799","Coelodonta","antiquitatis"
"Macro Vertebrates","RGM.338166","","","","Megaceros giganteus Blumenbach, 1799","Megaceros","giganteus"
"Macro Vertebrates","RGM.338167","","","","Megaceros giganteus Blumenbach, 1799","Megaceros","giganteus"
"Macro Vertebrates","RGM.338168","","","","Megaceros giganteus Blumenbach, 1799","Megaceros","giganteus"
"Macro Vertebrates","RGM.338169","","","","Megaceros giganteus Blumenbach, 1799","Megaceros","giganteus"
"Macro Vertebrates","RGM.338170","","","","Megaceros giganteus Blumenbach, 1799","Megaceros","giganteus"
"Macro Vertebrates","RGM.338171","","","","Megaceros giganteus Blumenbach, 1799","Megaceros","giganteus"
"Macro Vertebrates","RGM.338172","","","","Megaceros giganteus Blumenbach, 1799","Megaceros","giganteus"
"Macro Vertebrates","RGM.338173","","","","Megaceros giganteus Blumenbach, 1799","Megaceros","giganteus"
"Macro Vertebrates","RGM.338174","","","","Megaceros giganteus Blumenbach, 1799","Megaceros","giganteus"
"Macro Vertebrates","RGM.338175","","","","Megaceros giganteus Blumenbach, 1799","Megaceros","giganteus"
"Macro Vertebrates","RGM.338176","","","","Megaceros giganteus Blumenbach, 1799","Megaceros","giganteus"
"Macro Vertebrates","RGM.338177","","","","Megaceros giganteus Blumenbach, 1799","Megaceros","giganteus"
"Macro Vertebrates","RGM.338178","N.I.C.","","","Megaceros giganteus Blumenbach, 1799","Megaceros","giganteus"
"Macro Vertebrates","RGM.338179","","","","Megaceros giganteus Blumenbach, 1799","Megaceros","giganteus"
"Macro Vertebrates","RGM.338191","","","","Megaceros giganteus Blumenbach, 1799","Megaceros","giganteus"
"Macro Vertebrates","RGM.338449","","","","Megaceros giganteus Blumenbach, 1799","Megaceros","giganteus"
"Macro Vertebrates","RGM.338519","","","","Megaceros giganteus Blumenbach, 1799","Megaceros","giganteus"
"Macro Vertebrates","RGM.338566","","","","Megaceros giganteus Blumenbach, 1799","Megaceros","giganteus"
"Macro Vertebrates","RGM.338568","","","","Megaceros giganteus Blumenbach, 1799","Megaceros","giganteus"
"Macro Vertebrates","RGM.33860","","","","Mammuthus primigenius Blumenbach, 1799","Mammuthus","primigenius"
"Macro Vertebrates","RGM.338611","","","","Megaceros giganteus Blumenbach, 1799","Megaceros","giganteus"
"Macro Vertebrates","RGM.338612","","","","Megaceros giganteus Blumenbach, 1799","Megaceros","giganteus"
"Macro Vertebrates","RGM.338613","","","","Megaceros giganteus Blumenbach, 1799","Megaceros","giganteus"
"Macro Vertebrates","RGM.338652","","","","Megaceros giganteus Blumenbach, 1799","Megaceros","giganteus"
"Macro Vertebrates","RGM.338664","","","","Mammuthus primigenius Blumenbach, 1799","Mammuthus","primigenius"
"Macro Vertebrates","RGM.338701","","","","Megaceros giganteus Blumenbach, 1799","Megaceros","giganteus"
"Macro Vertebrates","RGM.338805","15/17. 4-2-6. gereserveerd voor Geomax 2009","","","Equus caballus L.","Equus","caballus"
"Macro Vertebrates","RGM.338920","","","","Megaceros giganteus Blumenbach, 1799","Megaceros","giganteus"
"Macro Vertebrates","RGM.344400","Exhibition ""Oerparade"" 0086.03.00","http://medialib.naturalis.nl/file/id/RGM.344400/format/small","http://medialib.naturalis.nl/file/id/RGM.344400/format/large","Gyroptichius agassizi","Gyroptichius","agassizi"
"Macro Vertebrates","RGM.345067","Exhibition ""Oerparade"" 0092.03.00","","","Sclerocephalus aff. hauseri","Sclerocephalus","hauseri"
"Macro Vertebrates","RGM.345069","Exhibition ""Oerparade"" 0112.01.00","","","Archaeopteryx lithographica","Archaeopteryx","lithographica"
"Macro Vertebrates","RGM.345769","Exhibition ""Oerparade"" 0086.01.00","http://medialib.naturalis.nl/file/id/RGM.345769_2/format/small","http://medialib.naturalis.nl/file/id/RGM.345769_2/format/large","Coccosteus sp.","Coccosteus","sp."
"Macro Vertebrates","RGM.345769","Exhibition ""Oerparade"" 0086.01.00","http://medialib.naturalis.nl/file/id/RGM.345769_1/format/small","http://medialib.naturalis.nl/file/id/RGM.345769_1/format/large","Coccosteus sp.","Coccosteus","sp."
"Macro Vertebrates","RGM.345769","Exhibition ""Oerparade"" 0086.01.00","http://medialib.naturalis.nl/file/id/RGM.345769_3/format/small","http://medialib.naturalis.nl/file/id/RGM.345769_3/format/large","Coccosteus sp.","Coccosteus","sp."
"Macro Vertebrates","RGM.34827","","","","Ursus arctos L.","Ursus","arctos"
"Macro Vertebrates","RGM.34978","","","","Coelodonta antiquitatis Blumenbach, 1799","Coelodonta","antiquitatis"
"Macro Vertebrates","RGM.354846","","","","Clupeidae humilis","","humilis"
"Macro Vertebrates","RGM.36047","","","","Mammuthus primigenius Blumenbach, 1799","Mammuthus","primigenius"
"Macro Vertebrates","RGM.369029","","","","Megaceros giganteus Blumenbach, 1799","Megaceros","giganteus"
"Macro Vertebrates","RGM.369037","","","","Megaceros giganteus Blumenbach, 1799","Megaceros","giganteus"
"Macro Vertebrates","RGM.369049","","","","Panthera spelaea (Goldfuss, 1821)","Panthera","spelaea"
"Macro Vertebrates","RGM.369144","","","","Coelodonta antiquitatis Blumenbach, 1799","Coelodonta","antiquitatis"
"Macro Vertebrates","RGM.369223","","","","Ursus arctos L.","Ursus","arctos"
"Macro Vertebrates","RGM.369225","","","","Crocuta crocuta spelaea (Goldfuss, 1823)","Crocuta","crocuta"
"Macro Vertebrates","RGM.369291","","","","Megaceros giganteus Blumenbach, 1799","Megaceros","giganteus"
"Macro Vertebrates","RGM.369296","","","","Panthera spelaea (Goldfuss, 1821)","Panthera","spelaea"
"Macro Vertebrates","RGM.369297","","","","Mammuthus primigenius Blumenbach, 1799","Mammuthus","primigenius"
"Macro Vertebrates","RGM.369311","15/17. 4-2-7. gereserveerd voor Geomax 2009","","","Bison priscus Bojanus, 1825","Bison","priscus"
"Macro Vertebrates","RGM.369332","","","","Coelodonta antiquitatis Blumenbach, 1799","Coelodonta","antiquitatis"
"Macro Vertebrates","RGM.369339","","","","Mammuthus primigenius Blumenbach, 1799","Mammuthus","primigenius"
"Macro Vertebrates","RGM.369343","","","","Mammuthus primigenius Blumenbach, 1799","Mammuthus","primigenius"
"Macro Vertebrates","RGM.369491","","","","Megaceros giganteus Blumenbach, 1799","Megaceros","giganteus"
"Macro Vertebrates","RGM.369576","","","","Hippopotamus sp.","Hippopotamus","sp."
"Macro Vertebrates","RGM.369600","","","","Megaceros giganteus Blumenbach, 1799","Megaceros","giganteus"
"Macro Vertebrates","RGM.369626","","","","Megaceros giganteus Blumenbach, 1799","Megaceros","giganteus"
"Macro Vertebrates","RGM.369662","","","","Megaceros giganteus Blumenbach, 1799","Megaceros","giganteus"
"Macro Vertebrates","RGM.369663","","","","Megaceros giganteus Blumenbach, 1799","Megaceros","giganteus"
"Macro Vertebrates","RGM.369680","","","","Ursus arctos L.","Ursus","arctos"
"Macro Vertebrates","RGM.369681","","","","Mammuthus primigenius Blumenbach, 1799","Mammuthus","primigenius"
"Macro Vertebrates","RGM.369685","","","","Megaceros giganteus Blumenbach, 1799","Megaceros","giganteus"
"Macro Vertebrates","RGM.36974","Exhibition ""Oerparade"" 0128.02.00","","","Ursus etruscus Cuvier, 1823","Ursus","etruscus"
"Macro Vertebrates","RGM.369840","","","","Megaceros giganteus Blumenbach, 1799","Megaceros","giganteus"
"Macro Vertebrates","RGM.369841","","","","Megaceros giganteus Blumenbach, 1799","Megaceros","giganteus"
"Macro Vertebrates","RGM.369896","","","","Megaceros giganteus Blumenbach, 1799","Megaceros","giganteus"
"Macro Vertebrates","RGM.369929","","","","Mammuthus primigenius Blumenbach, 1799","Mammuthus","primigenius"
"Macro Vertebrates","RGM.369940","","","","Mammuthus primigenius Blumenbach, 1799","Mammuthus","primigenius"
"Macro Vertebrates","RGM.369971","","","","Crocuta crocuta spelaea (Goldfuss, 1823)","Crocuta","crocuta"
"Macro Vertebrates","RGM.388130","","","","Mammuthus primigenius Blumenbach, 1799","Mammuthus","primigenius"
"Macro Vertebrates","RGM.388152","","","","Megaceros giganteus Blumenbach, 1799","Megaceros","giganteus"
"Macro Vertebrates","RGM.388153","","","","Megaceros giganteus Blumenbach, 1799","Megaceros","giganteus"
"Macro Vertebrates","RGM.388154","","","","Megaceros giganteus Blumenbach, 1799","Megaceros","giganteus"
"Macro Vertebrates","RGM.388155","","","","Megaceros giganteus Blumenbach, 1799","Megaceros","giganteus"
"Macro Vertebrates","RGM.388156","","","","Megaceros giganteus Blumenbach, 1799","Megaceros","giganteus"
"Macro Vertebrates","RGM.388157","","","","Megaceros giganteus Blumenbach, 1799","Megaceros","giganteus"
"Macro Vertebrates","RGM.388209","","","","Equus hydruntinis","Equus","hydruntinis"
"Macro Vertebrates","RGM.388291","","","","Ursus arctos L.","Ursus","arctos"
"Macro Vertebrates","RGM.388309","","","","Mammuthus primigenius Blumenbach, 1799","Mammuthus","primigenius"
"Macro Vertebrates","RGM.388335","","","","Megaceros giganteus Blumenbach, 1799","Megaceros","giganteus"
"Macro Vertebrates","RGM.388342","Exhibition ""Oerparade"" 0125.05.00","","","Mammuthus primigenius Blumenbach, 1799","Mammuthus","primigenius"
"Macro Vertebrates","RGM.388377","","","","Mammuthus primigenius Blumenbach, 1799","Mammuthus","primigenius"
"Macro Vertebrates","RGM.388478","","","","Felis catus L.","Felis","catus"
"Macro Vertebrates","RGM.388662","","","","Megaceros giganteus Blumenbach, 1799","Megaceros","giganteus"
"Macro Vertebrates","RGM.388663","","","","Megaceros giganteus Blumenbach, 1799","Megaceros","giganteus"
"Macro Vertebrates","RGM.388664","","","","Megaceros giganteus Blumenbach, 1799","Megaceros","giganteus"
"Macro Vertebrates","RGM.388665","","","","Megaceros giganteus Blumenbach, 1799","Megaceros","giganteus"
"Macro Vertebrates","RGM.388697","","","","Crocuta crocuta spelaea (Goldfuss, 1823)","Crocuta","crocuta"
"Macro Vertebrates","RGM.388722","N.I.C.","","","Ursus arctos L.","Ursus","arctos"
"Macro Vertebrates","RGM.388830","","","","Coelodonta antiquitatis Blumenbach, 1799","Coelodonta","antiquitatis"
"Macro Vertebrates","RGM.388873","","","","Panthera spelaea (Goldfuss, 1821)","Panthera","spelaea"
"Macro Vertebrates","RGM.388874","","","","Panthera spelaea (Goldfuss, 1821)","Panthera","spelaea"
"Macro Vertebrates","RGM.388875","","","","Panthera spelaea (Goldfuss, 1821)","Panthera","spelaea"
"Macro Vertebrates","RGM.388878","","","","Panthera spelaea (Goldfuss, 1821)","Panthera","spelaea"
"Macro Vertebrates","RGM.388915","","","","Coelodonta antiquitatis Blumenbach, 1799","Coelodonta","antiquitatis"
"Macro Vertebrates","RGM.388916","","","","Coelodonta antiquitatis Blumenbach, 1799","Coelodonta","antiquitatis"
"Macro Vertebrates","RGM.388917","","","","Coelodonta antiquitatis Blumenbach, 1799","Coelodonta","antiquitatis"
"Macro Vertebrates","RGM.388918","","","","Coelodonta antiquitatis Blumenbach, 1799","Coelodonta","antiquitatis"
"Macro Vertebrates","RGM.400011","","","","Mammuthus primigenius Blumenbach, 1799","Mammuthus","primigenius"
"Macro Vertebrates","RGM.400479","","","","Megaceros giganteus Blumenbach, 1799","Megaceros","giganteus"
"Macro Vertebrates","RGM.400481","","","","Megaceros giganteus Blumenbach, 1799","Megaceros","giganteus"
"Macro Vertebrates","RGM.400482","","","","Megaceros giganteus Blumenbach, 1799","Megaceros","giganteus"
"Macro Vertebrates","RGM.400483","","","","Megaceros giganteus Blumenbach, 1799","Megaceros","giganteus"
"Macro Vertebrates","RGM.400484","","","","Megaceros giganteus Blumenbach, 1799","Megaceros","giganteus"
"Macro Vertebrates","RGM.400485","","","","Megaceros giganteus Blumenbach, 1799","Megaceros","giganteus"
"Macro Vertebrates","RGM.400486","","","","Megaceros giganteus Blumenbach, 1799","Megaceros","giganteus"
"Macro Vertebrates","RGM.400487","","","","Megaceros giganteus Blumenbach, 1799","Megaceros","giganteus"
"Macro Vertebrates","RGM.400488","","","","Megaceros giganteus Blumenbach, 1799","Megaceros","giganteus"
"Macro Vertebrates","RGM.400489","","","","Megaceros giganteus Blumenbach, 1799","Megaceros","giganteus"
"Macro Vertebrates","RGM.400490","","","","Megaceros giganteus Blumenbach, 1799","Megaceros","giganteus"
"Macro Vertebrates","RGM.400491","","","","Megaceros giganteus Blumenbach, 1799","Megaceros","giganteus"
"Macro Vertebrates","RGM.400492","","","","Megaceros giganteus Blumenbach, 1799","Megaceros","giganteus"
"Macro Vertebrates","RGM.400493","","","","Megaceros giganteus Blumenbach, 1799","Megaceros","giganteus"
"Macro Vertebrates","RGM.400494","","","","Megaceros giganteus Blumenbach, 1799","Megaceros","giganteus"
"Macro Vertebrates","RGM.400495","","","","Megaceros giganteus Blumenbach, 1799","Megaceros","giganteus"
"Macro Vertebrates","RGM.400496","","","","Megaceros giganteus Blumenbach, 1799","Megaceros","giganteus"
"Macro Vertebrates","RGM.400497","","","","Megaceros giganteus Blumenbach, 1799","Megaceros","giganteus"
"Macro Vertebrates","RGM.400498","","","","Megaceros giganteus Blumenbach, 1799","Megaceros","giganteus"
"Macro Vertebrates","RGM.400499","","","","Megaceros giganteus Blumenbach, 1799","Megaceros","giganteus"
"Macro Vertebrates","RGM.400500","","","","Megaceros giganteus Blumenbach, 1799","Megaceros","giganteus"
"Macro Vertebrates","RGM.400506","","","","Megaceros giganteus Blumenbach, 1799","Megaceros","giganteus"
"Macro Vertebrates","RGM.400509","N.I.C.","","","Megaceros giganteus Blumenbach, 1799","Megaceros","giganteus"
"Macro Vertebrates","RGM.400510","","","","Megaceros giganteus Blumenbach, 1799","Megaceros","giganteus"
"Macro Vertebrates","RGM.400511","","","","Megaceros giganteus Blumenbach, 1799","Megaceros","giganteus"
"Macro Vertebrates","RGM.400512","","","","Megaceros giganteus Blumenbach, 1799","Megaceros","giganteus"
"Macro Vertebrates","RGM.400513","","","","Megaceros giganteus Blumenbach, 1799","Megaceros","giganteus"
"Macro Vertebrates","RGM.400514","","","","Megaceros giganteus Blumenbach, 1799","Megaceros","giganteus"
"Macro Vertebrates","RGM.400515","","","","Megaceros giganteus Blumenbach, 1799","Megaceros","giganteus"
"Macro Vertebrates","RGM.400516","","","","Megaceros giganteus Blumenbach, 1799","Megaceros","giganteus"
"Macro Vertebrates","RGM.400517","N.I.C.","","","Megaceros giganteus Blumenbach, 1799","Megaceros","giganteus"
"Macro Vertebrates","RGM.400518","","","","Megaceros giganteus Blumenbach, 1799","Megaceros","giganteus"
"Macro Vertebrates","RGM.400519","","","","Megaceros giganteus Blumenbach, 1799","Megaceros","giganteus"
"Macro Vertebrates","RGM.400520","","","","Megaceros giganteus Blumenbach, 1799","Megaceros","giganteus"
"Macro Vertebrates","RGM.400521","","","","Megaceros giganteus Blumenbach, 1799","Megaceros","giganteus"
"Macro Vertebrates","RGM.400522","","","","Megaceros giganteus Blumenbach, 1799","Megaceros","giganteus"
"Macro Vertebrates","RGM.400892","","","","Coelodonta antiquitatis Blumenbach, 1799","Coelodonta","antiquitatis"
"Macro Vertebrates","RGM.400893","","","","Coelodonta antiquitatis Blumenbach, 1799","Coelodonta","antiquitatis"
"Macro Vertebrates","RGM.400894","","","","Coelodonta antiquitatis Blumenbach, 1799","Coelodonta","antiquitatis"
"Macro Vertebrates","RGM.400897","","","","Coelodonta antiquitatis Blumenbach, 1799","Coelodonta","antiquitatis"
"Macro Vertebrates","RGM.400964","","","","Crocuta crocuta spelaea (Goldfuss, 1823)","Crocuta","crocuta"
"Macro Vertebrates","RGM.400975","","","","Panthera spelaea (Goldfuss, 1821)","Panthera","spelaea"
"Macro Vertebrates","RGM.401431","","","","Homotherium sp.","Homotherium","sp."
"Macro Vertebrates","RGM.401546","","","","Crocuta crocuta spelaea (Goldfuss, 1823)","Crocuta","crocuta"
"Macro Vertebrates","RGM.401578","","","","Megaceros giganteus Blumenbach, 1799","Megaceros","giganteus"
"Macro Vertebrates","RGM.401579","","","","Megaceros giganteus Blumenbach, 1799","Megaceros","giganteus"
"Macro Vertebrates","RGM.401580","","","","Megaceros giganteus Blumenbach, 1799","Megaceros","giganteus"
"Macro Vertebrates","RGM.401639","","","","Ursus arctos L.","Ursus","arctos"
"Macro Vertebrates","RGM.401853","Gereserveerd voor Geomax 2009","","","Mammuthus meridionalis (Nesti, 1825)","Mammuthus","meridionalis"
"Macro Vertebrates","RGM.401854","Exhibition ""Oerparade"" 0118.01.00","","","Deinotherium sp.","Deinotherium","sp."
"Macro Vertebrates","RGM.401860","Exhibition ""Oerparade"" 0104.01.00","","","Platecarpus ictericus","Platecarpus","ictericus"
"Macro Vertebrates","RGM.401863","Exhibition ""Oerparade"" 0093.01.00","","","Dicynodon grimbeeki","Dicynodon","grimbeeki"
"Macro Vertebrates","RGM.401870","Exhibition ""Oerparade"" 0107.01.00","","","Edmontosaurus annectens Marsh, 1892","Edmontosaurus","annectens"
"Macro Vertebrates","RGM.401880","Exhibition ""Oerparade"" 0113.01.00","","","Coloborhynchus spielbergi Veldmeijer, 2006","Coloborhynchus","spielbergi"
"Macro Vertebrates","RGM.401880","Exhibition ""Oerparade"" 0113.01.00","","","Coloborhynchus spielbergi Veldmeijer, 2006","Coloborhynchus","spielbergi"
"Macro Vertebrates","RGM.401880","Exhibition ""Oerparade"" 0113.01.00","http://medialib.naturalis.nl/file/id/RGM.401880/format/small","http://medialib.naturalis.nl/file/id/RGM.401880/format/large","Coloborhynchus spielbergi Veldmeijer, 2006","Coloborhynchus","spielbergi"
"Macro Vertebrates","RGM.401881","","","","Mammuthus primigenius Blumenbach, 1799","Mammuthus","primigenius"
"Macro Vertebrates","RGM.401890","Exhibition ""Oerparade"" 0106.01.00","","","Camarasaurus supremus","Camarasaurus","supremus"
"Macro Vertebrates","RGM.401958","","","","Mammuthus primigenius Blumenbach, 1799","Mammuthus","primigenius"
"Macro Vertebrates","RGM.401959","","","","Mammuthus primigenius Blumenbach, 1799","Mammuthus","primigenius"
"Macro Vertebrates","RGM.401960","","","","Mammuthus primigenius Blumenbach, 1799","Mammuthus","primigenius"
"Macro Vertebrates","RGM.401964","","","","Mammuthus primigenius Blumenbach, 1799","Mammuthus","primigenius"
"Macro Vertebrates","RGM.401969","","","","Mammuthus primigenius Blumenbach, 1799","Mammuthus","primigenius"
"Macro Vertebrates","RGM.401990","","","","Mammuthus primigenius Blumenbach, 1799","Mammuthus","primigenius"
"Macro Vertebrates","RGM.401991","","","","Mammuthus primigenius Blumenbach, 1799","Mammuthus","primigenius"
"Macro Vertebrates","RGM.401993","","","","Mammuthus primigenius Blumenbach, 1799","Mammuthus","primigenius"
"Macro Vertebrates","RGM.401995","","","","Mammuthus primigenius Blumenbach, 1799","Mammuthus","primigenius"
"Macro Vertebrates","RGM.401996","","","","Mammuthus primigenius Blumenbach, 1799","Mammuthus","primigenius"
"Macro Vertebrates","RGM.40330","","","","Coelodonta antiquitatis Blumenbach, 1799","Coelodonta","antiquitatis"
"Macro Vertebrates","RGM.40618","","","","Megaceros giganteus Blumenbach, 1799","Megaceros","giganteus"
"Macro Vertebrates","RGM.41519","","","","Felis catus L.","Felis","catus"
"Macro Vertebrates","RGM.443825","","","","Nothosaurus winkelhorsti Klein and Albers, 2009","Nothosaurus","winkelhorsti"
"Macro Vertebrates","RGM.443858","","","","Anarosaurus heterodontus Rieppel & Lin, 1995","Anarosaurus","heterodontus"
"Macro Vertebrates","RGM.443858","","http://medialib.naturalis.nl/file/id/RGM.443858/format/small","http://medialib.naturalis.nl/file/id/RGM.443858/format/large","Anarosaurus heterodontus Rieppel & Lin, 1995","Anarosaurus","heterodontus"
"Macro Vertebrates","RGM.443858","","http://medialib.naturalis.nl/file/id/RGM.443858_2/format/small","http://medialib.naturalis.nl/file/id/RGM.443858_2/format/large","Anarosaurus heterodontus Rieppel & Lin, 1995","Anarosaurus","heterodontus"
"Macro Vertebrates","RGM.443858","","http://medialib.naturalis.nl/file/id/RGM.443858_1/format/small","http://medialib.naturalis.nl/file/id/RGM.443858_1/format/large","Anarosaurus heterodontus Rieppel & Lin, 1995","Anarosaurus","heterodontus"
"Macro Vertebrates","RGM.443858","","","","Anarosaurus heterodontus Rieppel & Lin, 1995","Anarosaurus","heterodontus"
"Macro Vertebrates","RGM.445010","","","","Mammuthus primigenius Blumenbach, 1799","Mammuthus","primigenius"
"Macro Vertebrates","RGM.445011","","","","Mammuthus primigenius Blumenbach, 1799","Mammuthus","primigenius"
"Macro Vertebrates","RGM.445058","","","","Mammuthus primigenius Blumenbach, 1799","Mammuthus","primigenius"
"Macro Vertebrates","RGM.445059","","","","Mammuthus primigenius Blumenbach, 1799","Mammuthus","primigenius"
"Macro Vertebrates","RGM.445069","","","","Mammuthus primigenius Blumenbach, 1799","Mammuthus","primigenius"
"Macro Vertebrates","RGM.445070","","","","Mammuthus primigenius Blumenbach, 1799","Mammuthus","primigenius"
"Macro Vertebrates","RGM.445087","","","","Crocuta crocuta spelaea (Goldfuss, 1823)","Crocuta","crocuta"
"Macro Vertebrates","RGM.445088","","","","Crocuta crocuta spelaea (Goldfuss, 1823)","Crocuta","crocuta"
"Macro Vertebrates","RGM.445089","","","","Megaceros giganteus Blumenbach, 1799","Megaceros","giganteus"
"Macro Vertebrates","RGM.445090","","","","Mammuthus primigenius Blumenbach, 1799","Mammuthus","primigenius"
"Macro Vertebrates","RGM.445095","","","","Mammuthus primigenius Blumenbach, 1799","Mammuthus","primigenius"
"Macro Vertebrates","RGM.445105","","","","Mammuthus primigenius Blumenbach, 1799","Mammuthus","primigenius"
"Macro Vertebrates","RGM.445106","","","","Mammuthus primigenius Blumenbach, 1799","Mammuthus","primigenius"
"Macro Vertebrates","RGM.445107","","","","Mammuthus primigenius Blumenbach, 1799","Mammuthus","primigenius"
"Macro Vertebrates","RGM.445108","","","","Mammuthus primigenius Blumenbach, 1799","Mammuthus","primigenius"
"Macro Vertebrates","RGM.445117","","","","Mammuthus primigenius Blumenbach, 1799","Mammuthus","primigenius"
"Macro Vertebrates","RGM.445138","","","","Mammuthus primigenius Blumenbach, 1799","Mammuthus","primigenius"
"Macro Vertebrates","RGM.445139","","","","Mammuthus primigenius Blumenbach, 1799","Mammuthus","primigenius"
"Macro Vertebrates","RGM.445159","","","","Mammuthus primigenius Blumenbach, 1799","Mammuthus","primigenius"
"Macro Vertebrates","RGM.445160","","","","Mammuthus primigenius Blumenbach, 1799","Mammuthus","primigenius"
"Macro Vertebrates","RGM.445161","","","","Mammuthus primigenius Blumenbach, 1799","Mammuthus","primigenius"
"Macro Vertebrates","RGM.445162","","","","Mammuthus primigenius Blumenbach, 1799","Mammuthus","primigenius"
"Macro Vertebrates","RGM.445163","","","","Mammuthus primigenius Blumenbach, 1799","Mammuthus","primigenius"
"Macro Vertebrates","RGM.445164","","","","Mammuthus primigenius Blumenbach, 1799","Mammuthus","primigenius"
"Macro Vertebrates","RGM.445191","","","","Mammuthus primigenius Blumenbach, 1799","Mammuthus","primigenius"
"Macro Vertebrates","RGM.445199","","","","Mammuthus primigenius Blumenbach, 1799","Mammuthus","primigenius"
"Macro Vertebrates","RGM.445202","","","","Mammuthus primigenius Blumenbach, 1799","Mammuthus","primigenius"
"Macro Vertebrates","RGM.445203","","","","Mammuthus primigenius Blumenbach, 1799","Mammuthus","primigenius"
"Macro Vertebrates","RGM.445279","","","","Mammuthus primigenius Blumenbach, 1799","Mammuthus","primigenius"
"Macro Vertebrates","RGM.445374","","","","Bison priscus Bojanus, 1825","Bison","priscus"
"Macro Vertebrates","RGM.445380","","","","Mammuthus primigenius Blumenbach, 1799","Mammuthus","primigenius"
"Macro Vertebrates","RGM.445381","","","","Mammuthus primigenius Blumenbach, 1799","Mammuthus","primigenius"
"Macro Vertebrates","RGM.445382","","","","Coelodonta antiquitatis Blumenbach, 1799","Coelodonta","antiquitatis"
"Macro Vertebrates","RGM.445385","","","","Mammuthus primigenius Blumenbach, 1799","Mammuthus","primigenius"
"Macro Vertebrates","RGM.445530","","","","Nothosaurus winterswijkensis Albers & Rieppel, 2003","Nothosaurus","winterswijkensis"
"Macro Vertebrates","RGM.445617","","","","Crocuta crocuta spelaea (Goldfuss, 1823)","Crocuta","crocuta"
"Macro Vertebrates","RGM.445618","","","","Crocuta crocuta spelaea (Goldfuss, 1823)","Crocuta","crocuta"
"Macro Vertebrates","RGM.445835","","","","Panthera spelaea (Goldfuss, 1821)","Panthera","spelaea"
"Macro Vertebrates","RGM.445836","","http://medialib.naturalis.nl/file/id/RGM.445836/format/small","http://medialib.naturalis.nl/file/id/RGM.445836/format/large","Crocuta crocuta spelaea (Goldfuss, 1823)","Crocuta","crocuta"
"Mammalia","RMNH.MAM.1000","","","","","Dama","dama"
"Mammalia","RMNH.MAM.60073","reserved for Ontmoeting","","","Isoodon sp. Desmarest, 1817","Isoodon","sp."
"Mammalia","RMNH.MAM.60508","reserved for IkWilJe","","","","Halichoerus","grypus"
"Mammalia","RMNH.MAM.60525","needs to be made by M. van Leeuwen; reserved for Ontmoeting","","","","Giraffa","camelopardalis"
"Mammalia","ZMA.MAM.28865","","","","","Tragelaphus","strepsiceros"
"Mineralogy","RGM.1002975","","http://medialib.naturalis.nl/file/id/RGM.1002975/format/small","http://medialib.naturalis.nl/file/id/RGM.1002975/format/large","Barnsteen","",""
"Mineralogy","RGM.1002975","","http://medialib.naturalis.nl/file/id/RGM.1002975_2/format/small","http://medialib.naturalis.nl/file/id/RGM.1002975_2/format/large","Barnsteen","",""
"Mineralogy","RGM.1002984","","http://medialib.naturalis.nl/file/id/RGM.1002984/format/small","http://medialib.naturalis.nl/file/id/RGM.1002984/format/large","Barnsteen","",""
"Mineralogy","RGM.1002986","","http://medialib.naturalis.nl/file/id/RGM.1002986/format/small","http://medialib.naturalis.nl/file/id/RGM.1002986/format/large","Barnsteen","",""
"Mineralogy","RGM.1002986","","http://medialib.naturalis.nl/file/id/RGM.1002986_2/format/small","http://medialib.naturalis.nl/file/id/RGM.1002986_2/format/large","Barnsteen","",""
"Mineralogy","RGM.1256877","","http://medialib.naturalis.nl/file/id/RGM.1256877/format/small","http://medialib.naturalis.nl/file/id/RGM.1256877/format/large","Barnsteen","",""
"Mineralogy","RGM.1256878","","http://medialib.naturalis.nl/file/id/RGM.1256878/format/small","http://medialib.naturalis.nl/file/id/RGM.1256878/format/large","Barnsteen","",""
"Mineralogy","RGM.1256880","","http://medialib.naturalis.nl/file/id/RGM.1256880/format/small","http://medialib.naturalis.nl/file/id/RGM.1256880/format/large","Barnsteen","",""
"Mineralogy","RGM.135214","","","","","",""
"Mineralogy","RGM.1360002","","","","","",""
"Mineralogy","RGM.1360003","","","","","",""
"Mineralogy","RGM.1360004","","","","","",""
"Mineralogy","RGM.1360005","","","","","",""
"Mineralogy","RGM.1360006","","","","","",""
"Mineralogy","RGM.1360007","","","","","",""
"Mineralogy","RGM.1360008","","","","","",""
"Mineralogy","RGM.1360009","","","","","",""
"Mineralogy","RGM.1360010","","","","","",""
"Mineralogy","RGM.1360011","","","","","",""
"Mineralogy","RGM.164809","","http://medialib.naturalis.nl/file/id/RGM.164809/format/small","http://medialib.naturalis.nl/file/id/RGM.164809/format/large","ROCK CRYSTAL","",""
"Mineralogy","RGM.164809","","http://medialib.naturalis.nl/file/id/RGM.164809_2/format/small","http://medialib.naturalis.nl/file/id/RGM.164809_2/format/large","ROCK CRYSTAL","",""
"Mineralogy","RGM.164809","","http://medialib.naturalis.nl/file/id/RGM.164809_3/format/small","http://medialib.naturalis.nl/file/id/RGM.164809_3/format/large","ROCK CRYSTAL","",""
"Mineralogy","RGM.164819","","http://medialib.naturalis.nl/file/id/RGM.164819/format/small","http://medialib.naturalis.nl/file/id/RGM.164819/format/large","AMETHYST","",""
"Mineralogy","RGM.416798","","","","Quartz","",""
"Mineralogy","RGM.416883","","","","SILICIEOUS CALCITE","",""
"Mineralogy","RGM.420674","","http://medialib.naturalis.nl/file/id/RGM.420674_2/format/small","http://medialib.naturalis.nl/file/id/RGM.420674_2/format/large","GYPSUM; DESERT ROSE, ROCK CRYSTAL","",""
"Mineralogy","RGM.420674","","http://medialib.naturalis.nl/file/id/RGM.420674/format/small","http://medialib.naturalis.nl/file/id/RGM.420674/format/large","GYPSUM; DESERT ROSE, ROCK CRYSTAL","",""
"Mineralogy","RGM.421670","","http://medialib.naturalis.nl/file/id/RGM.421670/format/small","http://medialib.naturalis.nl/file/id/RGM.421670/format/large","AMBER","",""
"Mineralogy","RGM.421670","","http://medialib.naturalis.nl/file/id/RGM.421670_2/format/small","http://medialib.naturalis.nl/file/id/RGM.421670_2/format/large","AMBER","",""
"Mineralogy","RGM.421671","","http://medialib.naturalis.nl/file/id/RGM.421671/format/small","http://medialib.naturalis.nl/file/id/RGM.421671/format/large","AMBER","",""
"Mineralogy","RGM.421671","","http://medialib.naturalis.nl/file/id/RGM.421671_2/format/small","http://medialib.naturalis.nl/file/id/RGM.421671_2/format/large","AMBER","",""
"Mineralogy","RGM.421671","","http://medialib.naturalis.nl/file/id/RGM.421671_3/format/small","http://medialib.naturalis.nl/file/id/RGM.421671_3/format/large","AMBER","",""
"Mineralogy and Petrology","RGM.419326","","http://medialib.naturalis.nl/file/id/RGM.419326/format/small","http://medialib.naturalis.nl/file/id/RGM.419326/format/large","","",""
"Mollusca","RMNH.MOL.110216","","","","Sepia (Sepia) officinalis","Sepia","officinalis"
"Mollusca","RMNH.MOL.110856","","","","Sepia officinalis L.","Sepia","officinalis"
"Mollusca","RMNH.MOL.110856","","","","Sepia (Sepia) officinalis Linnaeus, 1758","Sepia","officinalis"
"Mollusca","RMNH.MOL.111081","","","","Octopus macropus Risso","Octopus","macropus"
"Mollusca","RMNH.MOL.111081","","","","Octopus (Octopus) macropus Risso, 1826","Octopus","macropus"
"Mollusca","RMNH.MOL.126825","","","","Gastropoda","",""
"Mollusca","RMNH.MOL.1283","","","","Loligo vulgaris Lamarck, 1798","Loligo","vulgaris"
"Mollusca","RMNH.MOL.271578","","","","Achatina schweinfurthi Von Martens, 1874","Achatina","schweinfurthi"
"Mollusca","RMNH.MOL.338743","","","","Syrinx aruanus (Linnaeus, 1758)","Syrinx","aruanus"
"Mollusca","RMNH.MOL.338743","","","","Semifusus (Megalatractus) proboscidiferus (Lm.)","",""
"Mollusca","ZMA.MOLL.127243","","","","Buccinum undatum Linnaeus, 1758","Buccinum","undatum"
"Mollusca","ZMA.MOLL.345905","","","","Tridacna gigas (Linnaeus, 1758)","Tridacna","gigas"
"Mollusca","ZMA.MOLL.420124","","","","Pila ampullacea (Linnaeus, 1758)","Pila","ampullacea"
"Mollusca","ZMA.MOLL.78189","","","","Syrinx aruanus (Linnaeus, 1758)","Syrinx","aruanus"
"Mollusca","ZMA.MOLL.78190","","","","Syrinx aruanus (Linnaeus, 1758)","Syrinx","aruanus"
"Mollusca","ZMA.MOLL.78192","","","","Syrinx aruanus (Linnaeus, 1758)","Syrinx","aruanus"
"Mollusca","ZMA.MOLL.78194","","","","Syrinx aruanus (Linnaeus, 1758)","Syrinx","aruanus"
"Mollusca","ZMA.MOLL.78195","","","","Syrinx aruanus (Linnaeus, 1758)","Syrinx","aruanus"
"Mollusca","ZMA.MOLL.78196","","","","Syrinx aruanus (Linnaeus, 1758)","Syrinx","aruanus"
"Mollusca","ZMA.MOLL.78198","","","","Syrinx aruanus (Linnaeus, 1758)","Syrinx","aruanus"
"Orthopteroidea","RMNH.INS.1104781","","","","","Mantis","religiosa"
"Orthopteroidea","RMNH.INS.1104782","","","","","Mantis","religiosa"
"Orthopteroidea","RMNH.INS.1104784","","","","","Carausius","morosus"
"Orthopteroidea","RMNH.INS.1104785","","","","","Carausius","morosus"
"Orthopteroidea","RMNH.INS.1104786","","","","","Carausius","morosus"
"Orthopteroidea","RMNH.INS.1104787","","","","","",""
"Orthopteroidea","RMNH.INS.1104788","","","","","",""
"Orthopteroidea","RMNH.INS.1104789","","","","","",""
"Orthopteroidea","RMNH.INS.1104790","","","","","",""
"Orthopteroidea","RMNH.INS.1104791","","","","","",""
"Paleontology","RGM.1332311","","http://medialib.naturalis.nl/file/id/RGM.1332311/format/small","http://medialib.naturalis.nl/file/id/RGM.1332311/format/large","","Protophormia","terranovae"
"Paleontology Invertebrates","RGM.1003953","","","","MESOLIMULUS WALCHI DESMAREST,1822","Mesolimulus","walchi"
"Paleontology Invertebrates","RGM.1004088","","http://medialib.naturalis.nl/file/id/RGM.1004088/format/small","http://medialib.naturalis.nl/file/id/RGM.1004088/format/large","NEREITES CAMBRENSIS MACLEAY,1839","Nereites","cambrensis"
"Paleontology Invertebrates","RGM.169435","","","","CYTHERELLA BEYRICHI REUSS,1851","Cytherella","beyrichi"
"Paleontology Invertebrates","RGM.169870","","","","MONOCERATINA SP.INDET.","Monoceratina","SP.INDET."
"Paleontology Invertebrates","RGM.22553","","","","SEIROCRINUS SUBANGULARIS MILLER,1821","Seirocrinus","subangularis"
"Paleontology Invertebrates","RGM.344420","","http://medialib.naturalis.nl/file/id/RGM.344420/format/small","http://medialib.naturalis.nl/file/id/RGM.344420/format/large","PARALEJURUS DORMITZERI","Paralejurus",""
"Paleontology Invertebrates","RGM.344420","","http://medialib.naturalis.nl/file/id/RGM.344420_5_BEWERKT/format/small","http://medialib.naturalis.nl/file/id/RGM.344420_5_BEWERKT/format/large","PARALEJURUS DORMITZERI","Paralejurus",""
"Paleontology Invertebrates","RGM.344420","","http://medialib.naturalis.nl/file/id/RGM.344420_7/format/small","http://medialib.naturalis.nl/file/id/RGM.344420_7/format/large","PARALEJURUS DORMITZERI","Paralejurus",""
"Paleontology Invertebrates","RGM.345079","","","","CALAMITES SP.","Calamites",""
"Paleontology Invertebrates","RGM.352237","","http://medialib.naturalis.nl/file/id/RGM.352237_2/format/small","http://medialib.naturalis.nl/file/id/RGM.352237_2/format/large","HOMOTELUS BROMIDENSIS ESKER","Homotelus","bromidensis"
"Paleontology Invertebrates","RGM.352237","","http://medialib.naturalis.nl/file/id/RGM.352237_7/format/small","http://medialib.naturalis.nl/file/id/RGM.352237_7/format/large","HOMOTELUS BROMIDENSIS ESKER","Homotelus","bromidensis"
"Paleontology Invertebrates","RGM.352237","","http://medialib.naturalis.nl/file/id/RGM.352237/format/small","http://medialib.naturalis.nl/file/id/RGM.352237/format/large","HOMOTELUS BROMIDENSIS ESKER","Homotelus","bromidensis"
"Paleontology Invertebrates","RGM.352459","","http://medialib.naturalis.nl/file/id/RGM.352459_5/format/small","http://medialib.naturalis.nl/file/id/RGM.352459_5/format/large","PLACENTICERAS MEEKI BOEHM,1898","Placenticeras","meeki"
"Paleontology Invertebrates","RGM.352459","","http://medialib.naturalis.nl/file/id/RGM.352459_7/format/small","http://medialib.naturalis.nl/file/id/RGM.352459_7/format/large","PLACENTICERAS MEEKI BOEHM,1898","Placenticeras","meeki"
"Paleontology Invertebrates","RGM.352465","","http://medialib.naturalis.nl/file/id/RGM.352465_4_BEWERKT/format/small","http://medialib.naturalis.nl/file/id/RGM.352465_4_BEWERKT/format/large","Dactylioceras athleticum Simpson, 1855","Dactylioceras","athleticum"
"Paleontology Vertebrates","RGM.1332251","","http://medialib.naturalis.nl/file/id/RGM.1332251/format/small","http://medialib.naturalis.nl/file/id/RGM.1332251/format/large","","Mammuthus","primigenius"
"Paleontology Vertebrates","RGM.1332252","","http://medialib.naturalis.nl/file/id/RGM.1332252/format/small","http://medialib.naturalis.nl/file/id/RGM.1332252/format/large","","Mammuthus","primigenius"
"Paleontology Vertebrates","RGM.1332309","","","","","Compsognathus",""
"Paleontology Vertebrates","RGM.1332310","","","","","Pikaia","gracilens"
"Petrology","RGM.1339350","Loan RMO exhibition 200 years anniversary","http://medialib.naturalis.nl/file/id/RGM.1339350_HL_1/format/small","http://medialib.naturalis.nl/file/id/RGM.1339350_HL_1/format/large","Table Willem 1","",""
"Petrology","RGM.1339350","Loan RMO exhibition 200 years anniversary","http://medialib.naturalis.nl/file/id/RGM.1339350_HL_8/format/small","http://medialib.naturalis.nl/file/id/RGM.1339350_HL_8/format/large","Table Willem 1","",""
"Petrology","RGM.1339350","Loan RMO exhibition 200 years anniversary","http://medialib.naturalis.nl/file/id/RGM.1339350_HL_4/format/small","http://medialib.naturalis.nl/file/id/RGM.1339350_HL_4/format/large","Table Willem 1","",""
"Petrology","RGM.1339350","Loan RMO exhibition 200 years anniversary","","http://www.natuurinformatie.nl/nnm.dossiers/natuurdatabase.nl/i001276.html","Table Willem 1","",""
"Petrology","RGM.1339350","Loan RMO exhibition 200 years anniversary","","","Table Willem 1","",""
"Petrology","RGM.1339350","Loan RMO exhibition 200 years anniversary","","","Table Willem 1","",""
"Petrology","RGM.1339350","Loan RMO exhibition 200 years anniversary","http://medialib.naturalis.nl/file/id/RGM.1339350_HL_3/format/small","http://medialib.naturalis.nl/file/id/RGM.1339350_HL_3/format/large","Table Willem 1","",""
"Petrology","RGM.1339350","Loan RMO exhibition 200 years anniversary","http://medialib.naturalis.nl/file/id/RGM.1339350_HL_2/format/small","http://medialib.naturalis.nl/file/id/RGM.1339350_HL_2/format/large","Table Willem 1","",""
"Petrology","RGM.1339350","Loan RMO exhibition 200 years anniversary","http://medialib.naturalis.nl/file/id/RGM.1339350_HL_6/format/small","http://medialib.naturalis.nl/file/id/RGM.1339350_HL_6/format/large","Table Willem 1","",""
"Petrology","RGM.1339350","Loan RMO exhibition 200 years anniversary","http://medialib.naturalis.nl/file/id/RGM.1339350_HL_7/format/small","http://medialib.naturalis.nl/file/id/RGM.1339350_HL_7/format/large","Table Willem 1","",""
"Petrology","RGM.1339350","Loan RMO exhibition 200 years anniversary","http://medialib.naturalis.nl/file/id/RGM.1339350_HL_5/format/small","http://medialib.naturalis.nl/file/id/RGM.1339350_HL_5/format/large","Table Willem 1","",""
"Petrology","RGM.1339591","","","","","",""
"Petrology","RGM.1339592","","","","","",""
"Petrology","RGM.1339593","","","","","",""
"Petrology","RGM.1339594","","","","","",""
"Petrology","RGM.1339595","","","","","",""
"Petrology","RGM.273016","","http://medialib.naturalis.nl/file/id/RGM.273016_6/format/small","http://medialib.naturalis.nl/file/id/RGM.273016_6/format/large","L/LL5","",""
"Petrology","RGM.273016","","http://medialib.naturalis.nl/file/id/RGM.273016_3/format/small","http://medialib.naturalis.nl/file/id/RGM.273016_3/format/large","L/LL5","",""
"Petrology","RGM.273016","","http://medialib.naturalis.nl/file/id/RGM.273016/format/small","http://medialib.naturalis.nl/file/id/RGM.273016/format/large","L/LL5","",""
"Petrology","RGM.273016","","http://medialib.naturalis.nl/file/id/RGM.273016_1/format/small","http://medialib.naturalis.nl/file/id/RGM.273016_1/format/large","L/LL5","",""
"Petrology","RGM.273016","","http://medialib.naturalis.nl/file/id/RGM.273016_2/format/small","http://medialib.naturalis.nl/file/id/RGM.273016_2/format/large","L/LL5","",""
"Petrology","RGM.273016","","http://medialib.naturalis.nl/file/id/RGM.273016_9/format/small","http://medialib.naturalis.nl/file/id/RGM.273016_9/format/large","L/LL5","",""
"Petrology","RGM.273016","","http://medialib.naturalis.nl/file/id/RGM.273016_8/format/small","http://medialib.naturalis.nl/file/id/RGM.273016_8/format/large","L/LL5","",""
"Petrology","RGM.273016","","http://medialib.naturalis.nl/file/id/RGM.273016_4/format/small","http://medialib.naturalis.nl/file/id/RGM.273016_4/format/large","L/LL5","",""
"Petrology","RGM.273016","","http://medialib.naturalis.nl/file/id/RGM.273016_7/format/small","http://medialib.naturalis.nl/file/id/RGM.273016_7/format/large","L/LL5","",""
"Petrology","RGM.273016","","http://medialib.naturalis.nl/file/id/RGM.273016_5/format/small","http://medialib.naturalis.nl/file/id/RGM.273016_5/format/large","L/LL5","",""
"Petrology","RGM.419504","","","","","",""
"Remaining insects","RMNH.INS.1089810","","","","","Siphlonurus","armatus"
